Param√®tre;VIF;cos_teta;R_2;Teta
0;EX__INST_2014041921_SARL;11558974.464462876;0.9999999567435665;0.9999999134871348;0.016852447641102386
1;EY__INST_2014041921_SARL;50089814.36935209;0.9999999900179306;0.9999999800358613;0.008095579144824958
2;EZ__INST_2014041921_SARL;99269833.50116575;0.9999999949632231;0.9999999899264462;0.005750610950807963
3;EXP_INST_2014041921_SARL;1020750.9775437887;0.9999995101644441;0.9999990203291282;0.056710411824132265
4;EYP_INST_2014041921_SARL;26582260.981251262;0.9999999811904636;0.9999999623809276;0.011112881322078924
5;EZP_INST_2014041921_SARL;94306611.36550698;0.9999999946981447;0.9999999893962895;0.005899993935946077
6;FD_______2014042003_SARL;7725562.177601717;0.9999999352797888;0.9999998705595817;0.020613778040981294
7;FD_______2014042015_SARL;145991.3952891994;0.9999965751347522;0.9999931502812339;0.1499544984406764
8;FD_______2014042103_SARL;1399.4108473068036;0.9996426429334924;0.9992854135710577;1.5317988935250504
9;FS_______2014042009_SARL;83960.07714124469;0.9999940447709693;0.9999880895774034;0.1977366080508339
10;BTS____201404192100_SARL;6710.471245639758;0.9999254868084985;0.9998509791692126;0.6994503786394108
11;BTC____201404192100_SARL;14569.64261388432;0.9999656814794275;0.999931364136616;0.47468242364262614
12;BNS____201404192100_SARL;70.85733582833043;0.9929184937390075;0.9858871352089394;6.822712539867632
13;BNC____201404192100_SARL;133.78955777983037;0.9962557779582358;0.9925255751151697;4.959684253680945
14;BX_____201404192100_SARL;17947718.67182169;0.9999999721413058;0.9999999442826123;0.01352440008133351
15;BY_____201404192100_SARL;8253307.575143563;0.9999999394182258;0.9999998788364555;0.019943832875947386
16;PX_______2014042012_____;165.70603246501057;0.9969780422278542;0.9939652166844852;4.455446722994463
17;PY_______2014042012_____;372.6176472389938;0.9986572404202293;0.9973162838437477;2.969513937835815
18;SX__2014042310002GR4B___;9805.057390977048;0.9999490046075984;0.9998980118157268;0.5786353270517067
19;SY__2014042310002GR4B___;15766.83515114955;0.999968287362461;0.9999365757306135;0.45630471867292627
20;SZ__2014042310002GR4B___;6810.079984801682;0.9999265767277906;0.9998531588465581;0.6943159711460254
21;SX__2014042310003TLSB___;12828.994212217722;0.9999610250238122;0.9999220515666732;0.505861899046013
22;SY__2014042310003TLSB___;75490.38401947079;0.9999933766179316;0.9999867532797324;0.208534432240588
23;SZ__2014042310003TLSB___;20113.75651564739;0.9999751410824519;0.9999502827828695;0.4039983923084986
24;SX__2014042310202REZB___;10087.699615908805;0.9999504334574798;0.9999008693718018;0.5704712171074431
25;SY__2014042310202REZB___;10033.437302427075;0.9999501653876043;0.9999003332586971;0.5720117845693544
26;SZ__2014042310202REZB___;8223.807510734096;0.9999391990632023;0.9998784018231586;0.6318223232210545
27;SX__2014042310317SPJB___;4934.307987274421;0.9998986635336323;0.999797337336344;0.8156881928750804
28;SY__2014042310317SPJB___;3549.0196808059136;0.9998591060994503;0.9997182320499917;0.9618089758630401
29;SZ__2014042310317SPJB___;9522.323158247375;0.9999474904265032;0.9998949836102617;0.5871631288185275
30;SX__2014042310503MEUB___;7453.147071875791;0.9999329119943908;0.9998658284895822;0.6636857590911736
31;SY__2014042310503MEUB___;11682.635140911625;0.9999572005207671;0.9999144028733297;0.5301007535416582
32;SZ__2014042310503MEUB___;6654.0448303643;0.9999248549116025;0.9998497154699895;0.702409941522995
33;SX__2014042312334KIUB___;26606.01406304295;0.9999812070798321;0.999962414512838;0.3512654577298387
34;SY__2014042312334KIUB___;28258.2375554042;0.9999823058878818;0.9999646120888452;0.3408416492092435
35;SZ__2014042312334KIUB___;10528.290352280079;0.9999525077807881;0.9999050178170872;0.5584066491151891
36;SX__2014042312338BADB___;28574.31188452936;0.9999825016127543;0.9999650035317021;0.3389512776051659
37;SY__2014042312338BADB___;18728.061965341418;0.9999733017396258;0.9999466041920487;0.4186779399231396
38;SZ__2014042312338BADB___;9167.914331225445;0.9999454604812843;0.9998909239371278;0.598405056585829
39;SX__2014042312349KRBB___;33694.72312263613;0.9999851607710794;0.9999703217623614;0.31213598129962355
40;SY__2014042312349KRBB___;16778.14433647717;0.9999701988825246;0.9999403986531559;0.44233874712320487
41;SZ__2014042312349KRBB___;9337.448912272226;0.9999464507498388;0.9998929043671997;0.5929475312538306
42;SX__2014042312602DIOB___;24630.355886873644;0.9999796996406614;0.9999593996934274;0.36508183746177236
43;SY__2014042312602DIOB___;28962.786561563324;0.9999827363187277;0.99996547293549;0.336670419167128
44;SZ__2014042312602DIOB___;7932.4562180623225;0.9999369658343781;0.9998739356420622;0.6433212776525619
45;SX__2014042321501EVEB___;493366.9538028965;0.9999989865550387;0.9999979731111046;0.08157136895059448
46;SY__2014042321501EVEB___;231087.86103659382;0.9999978363184518;0.9999956726415853;0.11918850688798244
47;SZ__2014042321501EVEB___;34148.399924373145;0.9999853579183313;0.9999707160510533;0.3100555949511012
48;SX__2014042321602JIVB___;148236.29638131434;0.9999966270012443;0.9999932540138656;0.14881470329752428
49;SY__2014042321602JIVB___;14664.65664169191;0.9999659038369324;0.9999318088364131;0.47314212812918705
50;SZ__2014042321602JIVB___;21050.320717949886;0.9999762471106739;0.9999524947855475;0.394908709972046
51;SX__2014042322006MANB___;29729.976735253556;0.9999831818164867;0.9999663639158246;0.3322980420991264
52;SY__2014042322006MANB___;26316.044352621;0.9999810000035209;0.9999620003680416;0.3531954320439824
53;SZ__2014042322006MANB___;23920.651846341912;0.9999790973411206;0.9999581951191622;0.37045814974832225
54;SX__2014042322901MALB___;142632.19955925542;0.9999964944740534;0.9999929889603955;0.15171004951106876
55;SY__2014042322901MALB___;10810.261799475684;0.9999537465814522;0.9999074953022832;0.5510756511779431
56;SZ__2014042322901MALB___;18380.2604917233;0.9999727965334777;0.9999455938069839;0.4226206751680678
57;SX__2014042323101CIDB___;85948.07992824532;0.9999941825174594;0.999988365068762;0.19543636888798255
58;SY__2014042323101CIDB___;41221.496524921524;0.9999878703328461;0.9999757408128209;0.2822035749451163
59;SZ__2014042323101CIDB___;38705.092281820245;0.9999870817197398;0.9999741636063617;0.2912329094608531
60;SX__2014042330302HBMB___;22883.762121681386;0.9999781502071272;0.999956300891668;0.3787582342340846
61;SY__2014042330302HBMB___;51855.646165852144;0.9999903578019458;0.9999807156968635;0.2516089023415178
62;SZ__2014042330302HBMB___;25663.929956821103;0.999980517213397;0.9999610348063729;0.35765464699373856
63;SX__2014042330602ASEB___;15051.020126955082;0.9999667791085824;0.9999335593207925;0.46702967172668525
64;SY__2014042330602ASEB___;97424.17725124092;0.9999948677905509;0.9999897356074414;0.18356505212247098
65;SZ__2014042330602ASEB___;15419.852358921285;0.9999675737422734;0.9999351485360091;0.4614102297697233
66;SX__2014042330604TRJB___;17735.496054367064;0.9999718075521159;0.9999436158990459;0.4302343124617341
67;SY__2014042330604TRJB___;97878.7944031538;0.9999948916281596;0.9999897832824147;0.18313825266015404
68;SZ__2014042330604TRJB___;9302.880206035186;0.9999462517600628;0.9998925064089988;0.5940482202521744
69;SX__2014042330606HEMB___;8438.139469028583;0.999940743475928;0.9998814904631915;0.6237461257692699
70;SY__2014042330606HEMB___;28850.37197526684;0.9999826690507421;0.999965338401846;0.33732570199942447
71;SZ__2014042330606HEMB___;6979.868102956528;0.9999283628425989;0.99985673081708;0.6858188144052205
72;SX__2014042331906PDMB___;9029.287875207969;0.99994462311408;0.9998892492947594;0.6029813771735575
73;SY__2014042331906PDMB___;25069.353472775445;0.9999800551303881;0.9999601106585742;0.36187114353607225
74;SZ__2014042331906PDMB___;5066.1978684994265;0.9999013017871095;0.9998026133155561;0.8049999378544058
75;SX__2014042332809LICB___;5138.318027735046;0.9999026871581915;0.9998053837861723;0.7993302151280683
76;SY__2014042332809LICB___;69490.24869400355;0.9999928047199683;0.9999856094917087;0.21735104924723747
77;SZ__2014042332809LICB___;11157.391357627466;0.9999551856533655;0.9999103733150566;0.5424351031055166
78;SX__2014042339601SALB___;4741.603160933303;0.9998945448726515;0.999789100866087;0.8320995690845909
79;SY__2014042339601SALB___;61589.12001690208;0.999991881650047;0.9999837633660016;0.2308722886687808
80;SZ__2014042339601SALB___;5841.223465130409;0.9999143978304471;0.9998288029886256;0.7496924104303183
81;SX__2014042339901DJIB___;67441.92849308011;0.9999925861868925;0.9999851724287495;0.22062702835473322
82;SY__2014042339901DJIB___;34904.29295050449;0.9999856750118966;0.9999713502289985;0.30667987930393603
83;SZ__2014042339901DJIB___;56271.660102777896;0.9999911144931485;0.9999822290652493;0.24153443445117295
84;SX__2014042340101STKB___;51072.64983402428;0.9999902099763935;0.9999804200486317;0.2535302905060606
85;SY__2014042340101STKB___;20755.733297942676;0.9999759099803702;0.9999518205410696;0.3977013626643746
86;SZ__2014042340101STKB___;17104.239208388382;0.9999707670535795;0.999941534961724;0.43810174549879205
87;SX__2014042340127YEMB___;20443.84274567229;0.9999755424593761;0.9999510855169236;0.4007235878954179
88;SY__2014042340127YEMB___;13276.157700027597;0.9999623377917748;0.9999246770019915;0.49726956955626345
89;SZ__2014042340127YEMB___;9713.487810116867;0.9999485238588712;0.9998970503675355;0.5813564359056629
90;SX__2014042340424KOLB___;370989.5507257331;0.9999986522522374;0.9999973045062912;0.09406801695744794
91;SY__2014042340424KOLB___;218664.41522337572;0.9999977133884764;0.9999954267821813;0.12252759436418087
92;SZ__2014042340424KOLB___;141001.67195917157;0.9999964539364706;0.9999929078855158;0.1525847092715594
93;SX__2014042340451GRFB___;54718.296934576574;0.9999908622469547;0.9999817245774079;0.2449388470909126
94;SY__2014042340451GRFB___;23949.371849870935;0.9999791224077781;0.9999582452514301;0.3702359539589765
95;SZ__2014042340451GRFB___;8428.341787699605;0.9999406745900454;0.9998813526995951;0.6241085773937096
96;SX__2014042341507RIRB___;21706.013436280744;0.9999769646434444;0.9999539298175164;0.388898200309084
97;SY__2014042341507RIRB___;23568.474576199682;0.999978784995092;0.9999575704402605;0.37321575283292585
98;SZ__2014042341507RIRB___;10049.282311373165;0.9999502439653076;0.9999004904062783;0.5715606375142692
99;SX__2014042341609CADB___;34804.975633110866;0.9999856341347064;0.9999712684757909;0.3071171331142009
100;SY__2014042341609CADB___;73212.97560312999;0.9999931705861804;0.9999863412190017;0.21175300976677616
101;SZ__2014042341609CADB___;35564.00586869791;0.9999859407425393;0.9999718816827414;0.3038220789107674
102;SX__2014042341703EASB___;76359.75596691524;0.999993452026782;0.9999869040964401;0.20734392452455255
103;SY__2014042341703EASB___;46609.133290906495;0.9999892724312468;0.9999785449775743;0.2653925160512123
104;SZ__2014042341703EASB___;9975.407659883924;0.9999498754789286;0.9998997534703247;0.573673200943642
105;SX__2014042342202ARFB___;39531.985301013294;0.9999873519339282;0.99997470402783;0.28817091853021704
106;SY__2014042342202ARFB___;24944.567448623246;0.9999799553545179;0.9999599111108236;0.36277516261593
107;SZ__2014042342202ARFB___;24580.97429526523;0.9999796588581343;0.9999593181300307;0.3654483713680282
108;SX__2014042343001THUB___;4536.341794460177;0.9998897729534201;0.9997795580568419;0.8507181628892947
109;SY__2014042343001THUB___;6799.336755957015;0.9999264607117657;0.9998529268315584;0.6948643052659776
110;SZ__2014042343001THUB___;9894.764782510858;0.9999494669510016;0.9998989364555924;0.5760062696057245
111;SX__2014042349804COBB___;17872.842736542112;0.9999720242044638;0.9999440491915729;0.4285779916140574
112;SY__2014042349804COBB___;21078.41516484417;0.9999762787701795;0.9999525581030557;0.39464544025645537
113;SZ__2014042349804COBB___;7871.381841776398;0.9999364767341526;0.9998729575035107;0.6458123385847884
114;SX__2014042349914MIAB___;177795.0705476364;0.9999971877695961;0.9999943755471008;0.13588239146151251
115;SY__2014042349914MIAB___;275464.69427919044;0.9999981848837105;0.9999963697707156;0.10916663486410859
116;SZ__2014042349914MIAB___;40667.298591501036;0.9999877050335017;0.9999754102181695;0.2841199634044128
117;SX__2014042350107YASB___;46046.13644562875;0.99998914126671;0.999978282651332;0.26701004891725777
118;SY__2014042350107YASB___;85596.00756412576;0.9999941585889974;0.999988317212117;0.1958378911327678
119;SZ__2014042350107YASB___;10593.070482494646;0.9999527982182739;0.999905598664556;0.5566965561554081
120;SX__2014042350119MSPB___;28757.103938424065;0.9999826128407123;0.999965225983738;0.3378722904442347
121;SY__2014042350119MSPB___;36357.38913507078;0.9999862475427957;0.9999724952747217;0.3004887928636773
122;SZ__2014042350119MSPB___;10593.683102307332;0.99995280094796;0.9999056041236705;0.5566804588732186
123;SX__2014042350207CHAB___;23459.737718281736;0.9999786866616159;0.9999573737774903;0.3740797004087829
124;SY__2014042350207CHAB___;22051.365273310705;0.9999773254099003;0.9999546513339376;0.3858408212388078
125;SZ__2014042350207CHAB___;7249.575257380664;0.9999310280636;0.999862060884328;0.6729399878483882
126;SX__2014042350305BETB___;11335.02626452368;0.9999558879691514;0.999911777884174;0.5381678542006221
127;SY__2014042350305BETB___;33612.784573049285;0.9999851245969286;0.9999702494151347;0.3125162035190014
128;SZ__2014042350305BETB___;19553.617804902526;0.9999744289574527;0.9999488585687837;0.4097441606964041
129;SX__2014042366007ROVB___;11040.668597795846;0.9999547118620705;0.9999094257751564;0.5452949824998092
130;SY__2014042366007ROVB___;14732.451880174833;0.9999660607420255;0.9999321226359242;0.4720522043765948
131;SZ__2014042366007ROVB___;14377.979510738349;0.9999652239945273;0.9999304491984251;0.4778358573576051
132;SX__2014042366018BEMB___;6951.170351556823;0.9999280670795581;0.9998561393334612;0.687233117825575
133;SY__2014042366018BEMB___;7520.570140367615;0.9999335134686795;0.9998670313578178;0.660703906204616
134;SZ__2014042366018BEMB___;17593.08314560332;0.9999715793359738;0.9999431594796817;0.43197217104629904
135;SX__2014042391201KETB___;25034.729253537313;0.999980027545411;0.999960055489721;0.36212130288741956
136;SY__2014042391201KETB___;21043.8185161226;0.9999762397713255;0.9999524801071995;0.394969716449404
137;SZ__2014042391201KETB___;9354.29312643328;0.9999465471781989;0.999893097213602;0.592413413304864
138;SX__2014042391301CRQB___;22891.960561199357;0.9999781580324143;0.9999563165419001;0.37869040365676127
139;SY__2014042391301CRQB___;94478.24893639593;0.9999947077625941;0.999989415553196;0.186404967132186
140;SZ__2014042391301CRQB___;12284.390457237987;0.9999592971114302;0.9999185958795854;0.516953784243825
141;SX__2014042391401AMVB___;24695.09878556092;0.9999797528624536;0.9999595061348536;0.36460295117873637
142;SY__2014042391401AMVB___;42170.48367628263;0.9999881432954852;0.9999762867315519;0.2790101854357323
143;SZ__2014042391401AMVB___;16365.403309009855;0.9999694472767425;0.9999388954869539;0.44788209309343047
144;SX__2014042392201PAUB___;217781.18322933177;0.9999977041148985;0.999995408235068;0.12277580440806356
145;SY__2014042392201PAUB___;113345.44217744489;0.999995588696879;0.9999911774132176;0.17018498491056927
146;SZ__2014042392201PAUB___;178698.5372846762;0.9999972019877325;0.9999944039832939;0.13553845744113158
147;SX__2014042392301RIMB___;37348.3566769679;0.9999866124405088;0.9999732250602443;0.29647550782606863
148;SY__2014042392301RIMB___;108977.24330328748;0.9999954118756185;0.9999908237722878;0.17356229643569815
149;SZ__2014042392301RIMB___;13486.91247267479;0.9999629263354677;0.999925854045392;0.493368854640837
150;SX__2014042392701NOXB___;40780.80923186066;0.999987739255924;0.9999754786621738;0.28372427022481056
151;SY__2014042392701NOXB___;230314.15817041896;0.9999978290499085;0.9999956581045302;0.11938853650587193
152;SZ__2014042392701NOXB___;19633.645494709184;0.9999745331875877;0.9999490670237339;0.40890822528497944
153;SX__2014042392902FUUB___;174349.92201376596;0.9999971321999392;0.9999942644081027;0.1372183424313726
154;SY__2014042392902FUUB___;184615.47604600838;0.9999972916643405;0.999994583336016;0.13334875713187475
155;SZ__2014042392902FUUB___;79213.2030349348;0.9999936879010206;0.9999873758418838;0.2035751478483033
156;SX__2014042397205LAOB___;221228.98029093797;0.9999977398957208;0.9999954797965498;0.12181533133526
157;SY__2014042397205LAOB___;45630.36356336964;0.9999890423240057;0.9999780847680819;0.2682237649075999
158;SZ__2014042397205LAOB___;46399.056858295735;0.9999892238608302;0.9999784478377857;0.2659926376101932
159;SX__2014042397301KRWB___;32399.132712081337;0.9999845673690518;0.9999691349762697;0.3183157840366122
160;SY__2014042397301KRWB___;120368.92198305551;0.9999958460952358;0.9999916922077267;0.16514523534089115
161;SZ__2014042397301KRWB___;21894.949671478247;0.9999771634227659;0.999954327367041;0.387216595961722
162;SX__2014042397401REUB___;32778.4428554034;0.9999847459558788;0.9999694921444435;0.3164686405168632
163;SY__2014042397401REUB___;25440.72432028613;0.9999803462783848;0.9999606929430385;0.35922019281121786
164;SZ__2014042397401REUB___;22471.955486771127;0.9999777497973905;0.9999555000898525;0.38221297018214634
165;MGN10002GR4B14042012SARL;4.280861146329844;0.8754439677329503;0.766402140640011;28.90243732006205
166;MGE10002GR4B14042012SARL;7.17708038868059;0.9277217131696749;0.8606675770864765;21.91758823220242
167;MGN10003TLSB14042012SARL;4.230291287144338;0.8738476177090267;0.7636096589757414;29.09111642183256
168;MGE10003TLSB14042012SARL;8.030473107972966;0.9356678553324651;0.8754743355024549;20.663689174671795
169;MGN10202REZB14042012SARL;4.387843941513003;0.878690865791736;0.7720976376258306;28.515155650440185
170;MGE10202REZB14042012SARL;5.41555394222228;0.9029654936833441;0.8153466827828053;25.449351832420913
171;MGN10317SPJB14042012SARL;3.8822022196416417;0.8616346339226164;0.7424142423749611;30.49938209550355
172;MGE10317SPJB14042012SARL;3.293149358606916;0.8344694793556637;0.6963393119761125;33.43936289278022
173;MGN10503MEUB14042012SARL;4.157104476290726;0.8714631093297845;0.7594479509227361;29.37089006090567
174;MGE10503MEUB14042012SARL;5.395789638852038;0.9025908895538304;0.8146703139055749;25.499254005491323
175;MGN12334KIUB14042012SARL;7.3310651239978695;0.9292976773566525;0.8635941731404689;21.67440090993086
176;MGE12334KIUB14042012SARL;11.213187513315027;0.9543685305596321;0.9108192921225515;17.375419850217263
177;MGN12338BADB14042012SARL;3.8498258269515846;0.8603766553916782;0.7402479891429706;30.641099926670613
178;MGE12338BADB14042012SARL;4.611343278998627;0.8849539246619652;0.7831434487746152;27.754148213254137
179;MGN12349KRBB14042012SARL;5.60385824265172;0.9063947911473459;0.8215515174190409;24.98820195500789
180;MGE12349KRBB14042012SARL;8.426780146934737;0.9387921559216866;0.8813307120200884;20.150305866324352
181;MGN12602DIOB14042012SARL;4.465781950423587;0.8809512188486556;0.7760750499909319;28.24267789194409
182;MGE12602DIOB14042012SARL;6.0586530152987885;0.9137542400455866;0.8349468112012874;23.970572469903644
183;MGN21501EVEB14042012SARL;52.64528970236001;0.9904569391414753;0.9810049482935;7.921865375267671
184;MGE21501EVEB14042012SARL;77.01023474065796;0.9934861413228581;0.987014713000582;6.54323958673955
185;MGN21602JIVB14042012SARL;3.8769518581376117;0.8614321835752538;0.7420654068992297;30.522229310500126
186;MGE21602JIVB14042012SARL;9.980799672586134;0.9485819033505234;0.8998076273641018;18.453311211258725
187;MGN22006MANB14042012SARL;5.461474266790937;0.9038247929164414;0.8168992562904481;25.334535376262405
188;MGE22006MANB14042012SARL;13.560239474541758;0.9624214200023771;0.9262549896793919;15.75713641682192
189;MGN22901MALB14042012SARL;4.746397839613697;0.8884334024046558;0.7893139105083132;27.32295567771434
190;MGE22901MALB14042012SARL;11.798533173935605;0.9566836997994945;0.9152437014620494;16.92558066770693
191;MGN23101CIDB14042012SARL;6.631216985454362;0.9215194616526667;0.8491981182046207;22.850762488094304
192;MGE23101CIDB14042012SARL;14.297914188209708;0.9643960433942499;0.9300597285144838;15.335000917448363
193;MGN30302HBMB14042012SARL;6.234001153309386;0.9162910991651178;0.8395893784092197;23.610249255247826
194;MGE30302HBMB14042012SARL;12.020743821966908;0.9575022049039075;0.9168104723958443;16.76374328327645
195;MGN30602ASEB14042012SARL;6.273505400008734;0.9168421258121233;0.8405994836636934;23.531297114155414
196;MGE30602ASEB14042012SARL;14.6294169858818;0.9652173724423128;0.9316445760644423;15.156040386944866
197;MGN30604TRJB14042012SARL;5.779496584367045;0.9093814103719015;0.8269745495299886;24.579993483014082
198;MGE30604TRJB14042012SARL;12.17756128204517;0.9580614551196677;0.9178817517860149;16.652288351017763
199;MGN30606HEMB14042012SARL;3.592357826452217;0.8494888427162319;0.7216312938993631;31.843883444753672
200;MGE30606HEMB14042012SARL;4.985477475664573;0.8941014522312534;0.7994174068820363;26.606753585704524
201;MGN31906PDMB14042012SARL;3.8607493157152084;0.8608036499235469;0.7409829237217002;30.593063246818197
202;MGE31906PDMB14042012SARL;6.047175521563632;0.9135828049433927;0.8346335414882372;23.994738454348838
203;MGN32809LICB14042012SARL;3.686547935609083;0.8536647611556893;0.7287435244390001;31.387465069016397
204;MGE32809LICB14042012SARL;6.835184031384369;0.9239578778697447;0.853698160077562;22.488267147464
205;MGN39601SALB14042012SARL;3.139352789707919;0.8255077263329658;0.6814630062354227;34.359999209494
206;MGE39601SALB14042012SARL;3.6646311355418284;0.8527140435303324;0.7271212400338496;31.49189767445036
207;MGN39901DJIB14042012SARL;9.059699558429019;0.9431972560129935;0.8896210637504404;19.40438120390773
208;MGE39901DJIB14042012SARL;16.193435461308617;0.9686312927602674;0.9382465813144267;14.388906748211518
209;MGN40101STKB14042012SARL;10.03840055387325;0.9488848911101329;0.9003825365770888;18.398388154694192
210;MGE40101STKB14042012SARL;18.94693961529606;0.9732528077326065;0.9472210277594019;13.281573356188073
211;MGN40127YEMB14042012SARL;3.8129783684799494;0.8589166577952484;0.7377378250381599;30.804837963177032
212;MGE40127YEMB14042012SARL;5.148358131572362;0.8976432020785379;0.8057633182378108;26.150014617162935
213;MGN40424KOLB14042012SARL;5.734463506867883;0.9086340135291165;0.8256157705420307;24.68274036364778
214;MGE40424KOLB14042012SARL;15.387238866667875;0.9669597108059074;0.935011082321844;14.769392361951097
215;MGN40451GRFB14042012SARL;4.147284250584455;0.8711362437580717;0.7588783551889227;29.409051997467753
216;MGE40451GRFB14042012SARL;9.0796768664889;0.9433259892285428;0.889863921954009;19.382168101152004
217;MGN41507RIRB14042012SARL;3.938552986006519;0.8637705976348939;0.7460996453385419;30.257381324263548
218;MGE41507RIRB14042012SARL;6.126822257461856;0.9147585761960275;0.8367832527241834;23.82853509190509
219;MGN41609CADB14042012SARL;6.941216606210515;0.9251664911901678;0.8559330364211268;22.306526161020333
220;MGE41609CADB14042012SARL;14.182815689077989;0.9641017263765085;0.9294921388021641;15.398635890086663
221;MGN41703EASB14042012SARL;3.383102877673039;0.8392933716294015;0.7044133636610488;32.93442353409856
222;MGE41703EASB14042012SARL;3.7870773273842855;0.8578718608207184;0.7359441295880021;30.921531253814983
223;MGN42202ARFB14042012SARL;5.50818615774378;0.9046833881427262;0.8184520327814025;25.219325530159672
224;MGE42202ARFB14042012SARL;13.904928013236962;0.963370671606739;0.9280830509120193;15.555599783538254
225;MGN43001THUB14042012SARL;3.5837860261982564;0.8490968636119728;0.7209654837956891;31.886425245228374
226;MGE43001THUB14042012SARL;3.3493374057291017;0.8375162589710772;0.7014334840409084;33.12123536142005
227;MGN49804COBB14042012SARL;3.7866407385952066;0.8578541162140613;0.7359136847054082;30.923509719754346
228;MGE49804COBB14042012SARL;5.831868630648412;0.9102353395890712;0.8285283734368317;24.462106003081693
229;MGN49914MIAB14042012SARL;6.68678265665006;0.9221991369433442;0.8504512481790489;22.750271834873
230;MGE49914MIAB14042012SARL;18.210454928850304;0.9721555893663826;0.9450864899362987;13.55250424769301
231;MGN50107YASB14042012SARL;4.323905467724152;0.8767711211137436;0.7687275988190507;28.744714711811486
232;MGE50107YASB14042012SARL;8.546091169697323;0.9396741140810226;0.8829874406739547;20.003100043363357
233;MGN50119MSPB14042012SARL;3.7843863655549774;0.8577624190326144;0.7357563675046824;30.933731840489163
234;MGE50119MSPB14042012SARL;7.959395134671404;0.9350734261684894;0.8743623123264775;20.759989302921603
235;MGN50207CHAB14042012SARL;3.6905470724667446;0.8538369061885349;0.729037462369609;31.368522243150338
236;MGE50207CHAB14042012SARL;6.14812121497674;0.9150675849708079;0.8373486850643066;23.784673167152736
237;MGN50305BETB14042012SARL;3.5753824622092147;0.8487105762482049;0.7203096422355599;31.928299701832497
238;MGE50305BETB14042012SARL;3.937796689113062;0.8637423695757608;0.7460508810003501;30.260590925996492
239;MGN66007ROVB14042012SARL;3.859725096084206;0.8607637252756365;0.7409141907503913;30.597557636453274
240;MGE66007ROVB14042012SARL;4.621508628269021;0.8852233846673303;0.7836204407618842;27.720976364700526
241;MGN66018BEMB14042012SARL;3.6501305557443238;0.8520781634056821;0.7260371965528003;31.561573525587526
242;MGE66018BEMB14042012SARL;3.24143416804811;0.8315615328434193;0.6914945829048971;33.740519090165144
243;MGN91201KETB14042012SARL;3.930449554901898;0.8634675312221969;0.7455761774749556;30.29182465167148
244;MGE91201KETB14042012SARL;5.64011047159607;0.907027291923517;0.822698508294109;24.90227553117851
245;MGN91301CRQB14042012SARL;6.825338032420272;0.923843661044593;0.853487110052277;22.50537010743775
246;MGE91301CRQB14042012SARL;7.239148442976741;0.9283653405292457;0.8618622054959824;21.818581474529523
247;MGN91401AMVB14042012SARL;6.04748450785581;0.9135874291034967;0.8346419906159365;23.994086919980706
248;MGE91401AMVB14042012SARL;8.084653779679224;0.9361137031678278;0.8763088652585841;20.591177278361677
249;MGN92201PAUB14042012SARL;11.746678496322868;0.9564881349223382;0.914869552247213;16.964026475236377
250;MGE92201PAUB14042012SARL;16.941689075421422;0.9700381478200772;0.940974008226206;14.060874125322217
251;MGN92301RIMB14042012SARL;3.474356914338004;0.8439057714667203;0.7121769511148404;32.44511280855077
252;MGE92301RIMB14042012SARL;4.7327498940384976;0.8880914085417851;0.7887063499257319;27.365614634971887
253;MGN92701NOXB14042012SARL;3.7080318456626804;0.8545847841269086;0.730315153261235;31.286106244085374
254;MGE92701NOXB14042012SARL;9.419444772582425;0.9454293363664132;0.8938366300622366;19.01569870364286
255;MGN92902FUUB14042012SARL;8.529078439787503;0.9395499128727846;0.8827540387792571;20.023892978652743
256;MGE92902FUUB14042012SARL;21.254389459593355;0.9761920380056619;0.9529508950656477;12.527492896539275
257;MGN97205LAOB14042012SARL;7.279644158677458;0.9287791169698268;0.8626306481192514;21.75470553034856
258;MGE97205LAOB14042012SARL;16.44724445390397;0.9691230787338755;0.9391995417346255;14.275077627657055
259;MGN97301KRWB14042012SARL;5.257820431579784;0.8998928391641736;0.8098071219789573;25.856015003302062
260;MGE97301KRWB14042012SARL;12.2281785845646;0.9582388386665105;0.9182216719289428;16.616785253640042
261;MGN97401REUB14042012SARL;6.306550575059849;0.917297505340309;0.8414347133035542;23.46586043470602
262;MGE97401REUB14042012SARL;12.253063885977747;0.9583254975386293;0.9183877592326612;16.59941375754907
263;MFO66018BEMB14042000SARL23485.000970;6.493190720404879;0.9197785117955993;0.8459925107609274;23.106276676086136
264;MZB66018BEMB14042000SARL23485.000970;6.342509345173985;0.9177873920636449;0.8423336970309867;23.39527240528871
265;MFO91201KETB14042000SARL;1.79858480586108;0.6663387370163145;0.4440073124484971;48.21488821563653
266;MZB91201KETB14042000SARL;1.4836334989506548;0.5709457861484452;0.3259790907206661;55.18379533736978
267;MFO91401AMVB14042000SARL;8.706123280672688;0.9408178962118663;0.8851383138325221;19.810631861615068
268;MZB91401AMVB14042000SARL;4.285241607470783;0.8755803384748104;0.7666409291236637;28.88626693238604
269;MFO22901MALB14042000SARL;15.998797706386414;0.9682434111253418;0.9374953031876377;14.478068042297819
270;MZB22901MALB14042000SARL;5.175884578036574;0.8982184087968876;0.8067963099016128;26.075135715095648
271;MFO21501EVEB14042000SARL;53.48236546655448;0.9906070099235618;0.9813022481096997;7.859231700994282
272;MZB21501EVEB14042000SARL;12.732344856208996;0.9599270136772966;0.9214598715874127;16.275133070120685
273;MFO12334KIUB14042000SARL;10.417256430610047;0.9507920040454639;0.9040054349567894;18.048979593583724
274;MZB12334KIUB14042000SARL;3.4333016351604893;0.8418641071940995;0.7087351749817183;32.66250859407056
275;MFO12349KRBB14042000SARL;3.8774821919906524;0.8614526599410788;0.7421006853195599;30.519919185037242
276;MZB12349KRBB14042000SARL;2.746330243047322;0.7974194196442954;0.6358777308258449;37.115623107125515
277;MFO10503MEUB14042000SARL;3.5239868275106403;0.8463040200416125;0.7162304943385942;32.188078825832285
278;MZB10503MEUB14042000SARL;1.3647556717220566;0.5169797984444989;0.2672681119997148;58.870120481756715
279;MFO10317SPJB14042000SARL;3.064051096273477;0.8207525116594863;0.6736346853953552;34.83980584965058
280;MZB10317SPJB14042000SARL;1.6252662539824998;0.6202549459760748;0.38471619800778345;51.66524562979901
281;MFO43001THUB14042000SARL;3.309485247240537;0.8353671084354402;0.6978382058557885;33.3459165977919
282;MZB43001THUB14042000SARL;1.5680608453012979;0.6018883988779281;0.36226964470383594;52.99473568992574
283;MFO10202REZB14042000SARL;2.3226192670195966;0.7546201719882503;0.5694516039715765;41.007807701429805
284;MZB10202REZB14042000SARL;1.1258846555590776;0.33437934893703614;0.11180954899555617;70.46519909838631
285;MFO40127YEMB14042000SARL;3.170521101402913;0.8274022206819593;0.6845944347894378;34.16719926483113
286;MZB40127YEMB14042000SARL;1.7781753527404993;0.6615328919086435;0.43762576707701306;48.58311511922209
287;MFO40451GRFB14042001SARL;7.105023309266872;0.926959820158235;0.8592545081877874;22.034240562779836
288;MZB40451GRFB14042001SARL;3.2280959476430833;0.8307947186405474;0.6902198645210265;33.81953842892624
289;MFO41703EASB14042001SARL;8.457472687585549;0.9390214950093333;0.8817613680895633;20.1121267313574
290;MZB41703EASB14042001SARL;3.0040238887348503;0.816769959368241;0.6671131665263981;35.23725073400841
291;MFO92301RIMB14042001SARL23485.059767;1.634177224590415;0.6229536628893342;0.3880712661072382;51.46785113068194
292;MZB92301RIMB14042001SARL23485.059767;1.0888453631343031;0.28565003419220225;0.08159594203400633;73.40229183603834
293;MFO91201KETB14042001SARL;5.290028255190228;0.9005360030879972;0.8109650928577052;25.771387864328403
294;MZB91201KETB14042001SARL;1.9729991127991202;0.7022516643378505;0.49315740006528097;45.392064335746966
295;MFO91301CRQB14042001SARL;5.891837157200765;0.911193531928532;0.8302736526283927;24.329186616451345
296;MZB91301CRQB14042001SARL;2.5515601979186715;0.7797967226819186;0.608082928705461;38.7580327104791
297;MFO91401AMVB14042001SARL;10.416742828030717;0.9507895150336899;0.9040007018979992;18.049439872315357
298;MZB91401AMVB14042001SARL;3.7029201978210278;0.8543669412702994;0.7299428703355673;31.31013259830369
299;MFO97401REUB14042001SARL;13.900705553698966;0.9633593335390124;0.92806120551673;15.558022000690896
300;MZB97401REUB14042001SARL;6.104636145382437;0.9144342913621284;0.8361900732189579;23.87448375025161
301;MFO22901MALB14042002SARL;6.175418173098511;0.9154603466431348;0.8380676462759686;23.728812819994825
302;MZB22901MALB14042002SARL;3.921083656346388;0.8631155547512467;0.7449684608535523;30.331782146676115
303;MFO39901DJIB14042002SARL;17.52993206274485;0.9710585529822656;0.9429547133200116;13.818177882024521
304;MZB39901DJIB14042002SARL;6.303290946904764;0.9172528082557242;0.8413527142530124;23.47229088868147
305;MFO12334KIUB14042002SARL;5.3716357145573905;0.9021291295612833;0.8138369664029986;25.560641373128632
306;MZB12334KIUB14042002SARL;4.942937150536472;0.8931355641497573;0.7976911359491052;26.73005590254585
307;MFO10503MEUB14042002SARL;6.242849245054828;0.9164151520962105;0.8398167309915205;23.59249644695752
308;MZB10503MEUB14042002SARL;2.0960614821220322;0.7231284517533868;0.5229147577352503;43.6866210612729
309;MFO10317SPJB14042002SARL;2.9089501264173205;0.8100823191147078;0.6562333637422634;35.89602500405501
310;MZB10317SPJB14042002SARL;1.5253555699271413;0.5868689390688353;0.34441515164378034;54.064867991960256
311;MFO10202REZB14042002SARL;2.274506049395834;0.7485613547650484;0.5603441018476846;41.53408878914702
312;MZB10202REZB14042002SARL;1.159166630655629;0.37055534005521534;0.1373112600434363;68.25012938631282
313;MFO43001THUB14042002SARL;2.8747964418219696;0.807557604275589;0.6521492842233287;36.14201545486892
314;MZB43001THUB14042002SARL;1.4967116589175797;0.5760804088505417;0.33186863746140727;54.82467095260883
315;MFO40127YEMB14042002SARL;4.3430766997147225;0.8773531117330529;0.7697484826676707;28.675299169537258
316;MZB40127YEMB14042002SARL;1.6546888088912908;0.6290125257550145;0.3956567575567028;51.022694004709145
317;MFO92301RIMB14042002SARL;8.157541890548513;0.9367038233806002;0.8774140527358346;20.49482386333235
318;MZB92301RIMB14042002SARL;3.0442754559895815;0.8194599523012092;0.6715146134255;34.969230607914916
319;MFO92201PAUB14042002SARL;24.682536595437725;0.9795333202496919;0.9594855254793854;11.611941419500871
320;MZB92201PAUB14042002SARL;6.00645554984615;0.9129690364048476;0.8335124614339959;24.08106994983866
321;MFO91201KETB14042003SARL;4.4718882562174045;0.8811247452119978;0.776380816624908;28.221660192289313
322;MZB91201KETB14042003SARL;1.96187059637202;0.7002016750005154;0.49028238567352744;45.55681334560409
323;MFO91301CRQB14042003SARL;6.880060332128624;0.9244741409975906;0.854652437373233;22.410806930688683
324;MZB91301CRQB14042003SARL;3.0283036239710173;0.818402175518197;0.6697821208929179;35.07483622170606
325;MFO30302HBMB14042003SARL;11.878838668805077;0.9569831171302777;0.9158166864723829;16.866553845300363
326;MZB30302HBMB14042003SARL;6.165357163046784;0.9153160083131873;0.8378033950743866;23.749355657020352
327;MFO97401REUB14042003SARL;4.862700280058855;0.8912647997889575;0.7943529433428504;26.967386160769127
328;MZB97401REUB14042003SARL;3.105984879352201;0.8234324082929606;0.678040931027145;34.57011811129194
329;MFO39901DJIB14042003SARL;22.301320075220247;0.9773226719224072;0.9551596050535531;12.225249333800333
330;MZB39901DJIB14042003SARL;7.657176109888577;0.9324181209184209;0.869403552217039;21.18505096277822
331;MFO12602DIOB14042003SARL;5.939830453945264;0.9119457364754915;0.8316450262758266;24.22436188262906
332;MZB12602DIOB14042003SARL;2.1482700544863134;0.7311013438595981;0.5345091749933104;43.02119677722712
333;MFO10002GR4B14042003SARL;7.044343701526212;0.9263056374070056;0.8580421338919988;22.133935275101884
334;MZB10002GR4B14042003SARL;2.1902481136672556;0.7371775376077284;0.5434307219533938;42.508463136709416
335;MFO10003TLSB14042003SARL;5.801576031549456;0.9097433946430461;0.8276330440966531;24.530085374854266
336;MZB10003TLSB14042003SARL;2.7884543641551964;0.8008610289329423;0.6413783876635311;36.787596598247504
337;MFO10503MEUB14042004SARL;5.0093234106426;0.8946352565778509;0.8003722423121171;26.538381971230525
338;MZB10503MEUB14042004SARL;1.8276076084316561;0.672931345764623;0.45283659611258653;47.706287373663756
339;MFO10202REZB14042004SARL;4.75099364885982;0.8885480937115646;0.7895177148384553;27.30863576845912
340;MZB10202REZB14042004SARL;1.5393183909934902;0.5919136919165975;0.3503618186783367;53.70707249045945
341;MFO10317SPJB14042004SARL;3.1623798841714077;0.8269113955273718;0.6837824560530256;34.2172413616503
342;MZB10317SPJB14042004SARL;1.5845049272809753;0.6073615451208517;0.36888804649158835;52.601030966367574
343;MFO43001THUB14042004SARL;2.8243653399613637;0.8037027784824143;0.6459381561403528;36.51483922876103
344;MZB43001THUB14042004SARL;1.489082437078774;0.5731016556571606;0.3284455077169788;55.03320191151313
345;MFO40127YEMB14042004SARL;5.688925449685916;0.9078655625622974;0.8242198796865567;24.78796527485897
346;MZB40127YEMB14042004SARL;1.7174811240476688;0.6463373504640755;0.4177519706049212;49.73398037929269
347;MFO49804COBB14042004SARL;3.5359188605286342;0.8468695770543774;0.71718808054026;32.1271976586207
348;MZB49804COBB14042004SARL;2.258456365549176;0.7464714959574574;0.5572196942769644;41.714354547349465
349;MFO40424KOLB14042004SARL;11.006010050626458;0.9534886217504609;0.9091405518075935;17.54345301774447
350;MZB40424KOLB14042004SARL;7.572164232015785;0.9316315580029957;0.8679373598670892;21.309409728232062
351;MFO92201PAUB14042004SARL;27.28654853526849;0.9815049189081039;0.9633519058408037;11.036653063322925
352;MZB92201PAUB14042004SARL;8.841143642315634;0.9417496806073103;0.8868924609239711;19.65250054378153
353;MFO92902FUUB14042004SARL;6.659168103044968;0.9218628381347084;0.8498310923337796;22.800046345392836
354;MZB92902FUUB14042004SARL;5.307552683117953;0.900882482097606;0.8115892465503434;25.725690887797143
355;MFO50207CHAB14042004SARL;6.924369902948667;0.9249770416100176;0.8555825275056202;22.335106682897678
356;MZB50207CHAB14042004SARL;2.4934596955815493;0.7739191214041872;0.5989508064750291;39.292861088084024
357;MFO66018BEMB14042005SARL;1.3212044948680726;0.4930668282676985;0.24311489713796808;60.457644600321125
358;MZB66018BEMB14042005SARL;1.0768321041004791;0.2671144397998754;0.07135012394960127;74.50736890271712
359;MFO91301CRQB14042005SARL23485.217869;1.4312108508192467;0.5488997465672448;0.3012909317815856;56.708436313113125
360;MZB91301CRQB14042005SARL23485.217869;1.0505181260201717;0.21929152150988876;0.048088771406122;77.33257593681455
361;MFO30302HBMB14042005SARL;12.363952462871561;0.958707314519365;0.9191197149129327;16.522663964849468
362;MZB30302HBMB14042005SARL;5.118886789188863;0.8970200806796769;0.8046450251425741;26.23090666823636
363;MFO30606HEMB14042005SARL;2.236776043726696;0.743591267375307;0.5529279729168153;41.96175825420729
364;MZB30606HEMB14042005SARL;2.232253074411013;0.7429819109200193;0.5520221199543636;42.013948031803764
365;MFO32809LICB14042005SARL;6.436569064330542;0.9190417438964442;0.8446377270242174;23.213608944491813
366;MZB32809LICB14042005SARL;2.1985729135691288;0.7383491731547842;0.5451595014983535;42.40902032057073
367;MFO10003TLSB14042005SARL;6.50244378550141;0.9198976385949902;0.8462116654926393;23.088878017476958
368;MZB10003TLSB14042005SARL;2.5672868677528853;0.7813345838045745;0.6104837318490677;38.61706843175216
369;MFO10002GR4B14042005SARL;6.4271723786310515;0.9189181593162578;0.8444105835211793;23.231566841724643
370;MZB10002GR4B14042005SARL;3.2450786481146805;0.8317698352889964;0.6918410588966841;33.71902556812142
371;MFO31906PDMB14042005SARL23485.237892;4.191369049265005;0.8725906666026902;0.7614144714421273;29.238898292722606
372;MZB31906PDMB14042005SARL23485.237892;3.9783590338850123;0.865239898602519;0.7486400821336974;30.08989016750178
373;MFO10503MEUB14042005SARL;1.6104994668509323;0.6156903571839867;0.3790746159293451;51.99789998769279
374;MZB10503MEUB14042005SARL;1.2641964404989114;0.4571473424965043;0.2089836927516162;62.796816635561406
375;MFO10202REZB14042005SARL;4.796603237853675;0.8896736105734616;0.7915191333508194;27.16773844538534
376;MZB10202REZB14042005SARL;2.308372697125478;0.7528574838737979;0.5667943910247859;41.161488044984424
377;MFO43001THUB14042005SARL;2.877679997654348;0.8077733872834548;0.6524978452033864;36.12104768430986
378;MZB43001THUB14042005SARL;1.47344898495972;0.5668511642089127;0.3213202423649997;55.4690615486167
379;MFO10317SPJB14042005SARL;2.9565338147873685;0.8134900659316434;0.6617660873694695;35.56166453231557
380;MZB10317SPJB14042005SARL;1.4309827021246637;0.5487982626768946;0.3011795331171778;56.71539222769052
381;MFO40127YEMB14042005SARL;3.092471201738369;0.8225776642860467;0.6766340137822882;34.65633346357814
382;MZB40127YEMB14042005SARL;1.1613542598411322;0.37274159487071123;0.13893629654676143;68.11520178197435
383;MFO49804COBB14042005SARL;5.268373897083241;0.9001045001880833;0.8101881112588392;25.82819327873877
384;MZB49804COBB14042005SARL;1.8350431037465307;0.6745766617694506;0.45505367260401575;47.57871581597716
385;MFO40424KOLB14042006SARL;3.986156008270281;0.8655239716436675;0.7491317454898281;30.057410082590724
386;MZB40424KOLB14042006SARL;2.4775583866555175;0.772254373793811;0.5963768178436712;39.443236486308244
387;MFO50305BETB14042006SARL;6.828491164998529;0.9238802758077863;0.8535547640266713;22.499888712579114
388;MZB50305BETB14042006SARL;2.7547303161591365;0.798115316628593;0.6369880586371593;37.049496631872145
389;MFO92902FUUB14042006SARL;20.762075257073594;0.9756204476693215;0.9518352579104874;12.677592538653352
390;MZB92902FUUB14042006SARL;10.75685844032412;0.9523844048844475;0.9070360546671032;17.75214139038341
391;MFO92701NOXB14042006SARL;8.399782215952632;0.9385889911797113;0.8809492943637481;20.184069815931338
392;MZB92701NOXB14042006SARL;4.48078004155133;0.8813765215795234;0.7768245727916201;28.191139198245946
393;MFO50207CHAB14042006SARL;3.872875543927344;0.8612745922376446;0.7417939232341209;30.540003341896266
394;MZB50207CHAB14042006SARL;3.060800552730319;0.8205413385516964;0.6732880882722097;34.86097941444091
395;MFO50119MSPB14042006SARL;5.332753452011885;0.9013765091960622;0.8124796113304787;25.66040271605557
396;MZB50119MSPB14042006SARL;3.886501108156363;0.8617999535541031;0.7426991599458543;30.48071373074866
397;MFO66018BEMB14042006SARL;2.449214973114268;0.7692242257324771;0.5917059094537288;39.715723975959264
398;MZB66018BEMB14042006SARL;1.2649140051732868;0.45763787337243034;0.20943242314484056;62.76521148548779
399;MFO30604TRJB14042006SARL;7.997920013617847;0.9353969701472696;0.874967491760692;20.707626861426686
400;MZB30604TRJB14042006SARL;2.870227751419545;0.8072147125731686;0.6515955921945831;36.1753128627532
401;MFO30606HEMB14042006SARL;7.671915273732691;0.9325526537807656;0.8696544520735485;21.163710979831492
402;MZB30606HEMB14042006SARL;3.507769777299686;0.8455285784085802;0.7149185769056345;32.27138702009167
403;MFO30602ASEB14042007SARL;8.016571346152721;0.9355524528564031;0.8752583920456324;20.68241841504331
404;MZB30602ASEB14042007SARL;4.672964265412581;0.8865681425895872;0.7860030714547506;27.55488049503234
405;MFO39601SALB14042007SARL;7.85105059669411;0.9341458727632375;0.8726285116005906;20.909409987363013
406;MZB39601SALB14042007SARL;2.29892926409419;0.7516747231938544;0.5650148894885576;41.26434343383101
407;MFO31906PDMB14042007SARL;5.61327101776895;0.9065598457326178;0.8218507538947478;24.965805670786793
408;MZB31906PDMB14042007SARL;2.0033643800723553;0.7077002773155686;0.5008396825125327;44.95188971328694
409;MFO10202REZB14042007SARL;4.229876051596165;0.8738343396617905;0.7635864531721573;29.092681122688408
410;MZB10202REZB14042007SARL;1.8572709176217372;0.6793935449646616;0.4615755889396498;47.20372933393214
411;MFO43001THUB14042007SARL;2.879541963858212;0.807912462249491;0.6527225466580352;36.10752810851947
412;MZB43001THUB14042007SARL;1.4555128291919792;0.5594255372979678;0.31295693178112005;55.983920875575194
413;MFO10317SPJB14042007SARL;2.0075054235608163;0.7084273715724065;0.5018693407929886;44.892894412573455
414;MZB10317SPJB14042007SARL;1.1838041646613606;0.3940376696577071;0.1552656851092763;66.79403050894499
415;MFO49804COBB14042007SARL;3.727359836882007;0.8554025877680391;0.7317135871602578;31.195760560221085
416;MZB49804COBB14042007SARL;1.5881434227428304;0.6085506941706054;0.3703339473755256;52.51521766671537
417;MFO50119MSPB14042008SARL;6.639887919168513;0.9216263061586192;0.8493950482035808;22.834993156024147
418;MZB50119MSPB14042008SARL;2.750389298935456;0.7977562952572193;0.6364151066225235;37.08362466045458
419;MFO66018BEMB14042008SARL;2.9509997974391373;0.813100114660999;0.6611317964617297;35.600063620857725
420;MZB66018BEMB14042008SARL;1.541184738855982;0.5925778591843441;0.3511485191955004;53.65984489377441
421;MFO30604TRJB14042008SARL;9.746382979777884;0.9473108436255229;0.8973978344504999;18.68201984013378
422;MZB30604TRJB14042008SARL;3.6282033656167987;0.8511060401299875;0.7243814915457478;31.667827054272838
423;MFO41609CADB14042008SARL;16.61570151959091;0.9694410568473193;0.9398159627012473;14.20100268084067
424;MZB41609CADB14042008SARL;6.033592215916765;0.913379031554289;0.8342612552830508;24.02343318520167
425;MFO97301KRWB14042008SARL;19.10601881265847;0.973478542314188;0.9476604723461561;13.225158035286693
426;MZB97301KRWB14042008SARL;5.031453238862989;0.8951258372879322;0.8012502645804216;26.47540222294654
427;MFO97205LAOB14042008SARL;8.438394923659011;0.9388791460129959;0.8814940508180926;20.135832392880136
428;MZB97205LAOB14042008SARL;4.449863292143592;0.8804964480898174;0.7752739950987845;28.297692244220688
429;MFO40451GRFB14042009SARL23485.377938;1.744032854476696;0.6531587144940321;0.42661630631949654;49.2198190506375
430;MZB40451GRFB14042009SARL23485.377938;1.5371989247374822;0.5911565846174919;0.3494661075366178;53.76087402221435
431;MFO10202REZB14042009SARL;1.3981618724881217;0.5336433571469641;0.28477523262708226;57.748046063320956
432;MZB10202REZB14042009SARL;1.0987225435903143;0.2997534225290597;0.08985211431788498;72.55720628380575
433;MFO43001THUB14042009SARL;3.0286662326504974;0.8184263292468994;0.6698216564045543;35.07242787213946
434;MZB43001THUB14042009SARL;1.5280741949287813;0.5878618160304907;0.34558151474666654;53.99457745645173
435;MFO40127YEMB14042009SARL;2.243242078056255;0.7444572760882723;0.5542166359207701;41.88749578567011
436;MZB40127YEMB14042009SARL;1.1334321536809935;0.34310929508325844;0.11772398837253051;69.93357723583635
437;MFO10317SPJB14042009SARL;1.3020462106797095;0.4816410525938135;0.23197810354367665;61.207363300213856
438;MZB10317SPJB14042009SARL;1.0608781292965106;0.23955095205168006;0.057384658628866325;76.1399612862141
439;MFO21602JIVB14042009SARL;2.700841802749719;0.7935647845430399;0.6297450672668414;37.48009465437238
440;MZB21602JIVB14042009SARL;2.6994630909485595;0.7934456281972775;0.6295559649053724;37.49131313232176
441;MFO22006MANB14042009SARL;10.529662914459655;0.9513307512115169;0.905030198200669;17.94908363616996
442;MZB22006MANB14042009SARL;6.677664159650066;0.9220884101188457;0.8502470360755005;22.76667153452777
443;MFO23101CIDB14042009SARL;3.0332898209851087;0.8187337425744122;0.6703249412299039;35.04176332091817
444;MZB23101CIDB14042009SARL;2.2021374633402226;0.7388475766062599;0.5458957414569431;42.36666090663342
445;MFO50107YASB14042009SARL;6.903593709012654;0.9247420757737028;0.8551479067062567;22.37050569060612
446;MZB50107YASB14042009SARL;2.9196410810723545;0.8108588942513134;0.6574921463864627;35.82006721706374
447;MFO66018BEMB14042010SARL;2.991875071541317;0.8159420599638726;0.6657614452180878;35.31938258576502
448;MZB66018BEMB14042010SARL;1.5635844047801246;0.6003697728465023;0.36044386414776075;53.103614731935835
449;MFO66007ROVB14042010SARL;3.1866346165174746;0.8283654461913035;0.6861893124437173;34.0688058843289
450;MZB66007ROVB14042010SARL;1.6546409450425636;0.6289986293319139;0.39563927570142643;51.02371819507206
451;MFO41507RIRB14042010SARL;4.42882612301161;0.8798900693503574;0.7742065341413769;28.370894600261167
452;MZB41507RIRB14042010SARL;2.3739216938789447;0.7607602209255774;0.5787561137427333;40.468736803775194
453;MFO41609CADB14042010SARL;8.588000419150797;0.9399779036442167;0.8835584593393764;19.95215405136272
454;MZB41609CADB14042010SARL;6.202613008951364;0.9158480360202056;0.8387776250820679;23.67355210468644
455;MFO42202ARFB14042010SARL;11.622463554579987;0.9560124066109027;0.9139597215939699;17.057198025049942
456;MZB42202ARFB14042010SARL;6.735763462676287;0.9227885617606122;0.8515387297162191;22.662783278291144
457;MFO97301KRWB14042010SARL;8.623305575240972;0.9402314550909326;0.8840351891424124;19.909537339806526
458;MZB97301KRWB14042010SARL;4.333703200755974;0.8770692473410333;0.7692504646313667;28.709175599815996
459;MFO97205LAOB14042010SARL;19.875694184837485;0.9745190054022904;0.9496872918902693;12.962009774091438
460;MZB97205LAOB14042010SARL;7.535198032094536;0.9312837840968199;0.8672894865216922;21.36417407874669
461;MFO49914MIAB14042010SARL;12.39366536353767;0.9588084373035594;0.9193136194444935;16.502278958963895
462;MZB49914MIAB14042010SARL;9.560324075367276;0.9462563264518749;0.8954010353501972;18.869735230379995
463;MFO40451GRFB14042010SARL;5.966604056001319;0.9123598390694058;0.832400475946752;24.16647161080664
464;MZB40451GRFB14042010SARL;2.132580592612558;0.7287554764723585;0.5310845444884542;43.217837524696435
465;MFO40101STKB14042010SARL;2.7428343079439292;0.7971283656988626;0.6354136314017396;37.1432501356392
466;MZB40101STKB14042010SARL;2.6599356093554505;0.7899690182382042;0.6240510497762322;37.817383705160665
467;MFO40127YEMB14042010SARL;5.135721246250451;0.8973769453916013;0.8052853821203609;26.18460780692913
468;MZB40127YEMB14042010SARL;1.661919278472484;0.631099087467142;0.39828605820185947;50.868742155134235
469;MFO43001THUB14042010SARL;3.205934227931878;0.8295049377534391;0.688078441757337;33.95208331992986
470;MZB43001THUB14042010SARL;1.5330103826727375;0.5896513352418518;0.3476886971524986;53.86773020436737
471;MFO12338BADB14042011SARL;5.568078459381068;0.9057620159558891;0.8204048295484764;25.07388986700522
472;MZB12338BADB14042011SARL;2.3515275870876984;0.7581190651406607;0.5747445169297494;40.701341753328194
473;MFO21602JIVB14042011SARL;10.977588883701229;0.9533652579832027;0.9089053151293786;17.566886907137775
474;MZB21602JIVB14042011SARL;3.5221773005304136;0.8462178839276208;0.7160847070789402;32.19734220146586
475;MFO22006MANB14042011SARL;4.094294800162861;0.8693432548994187;0.7557576948391156;29.61758904849121
476;MZB22006MANB14042011SARL;4.754709346338857;0.8886406483888044;0.7896822019688746;27.297074696636642
477;MFO23101CIDB14042011SARL;16.157931126126435;0.9685612466780192;0.9381108885664787;14.405048014442325
478;MZB23101CIDB14042011SARL;5.847043767304905;0.9104797651037924;0.8289734026634569;24.42826407596406
479;MFO50107YASB14042011SARL;1.4213819488804573;0.544480794959271;0.2964593360794797;57.01080988454202
480;MZB50107YASB14042011SARL;1.1748470805343778;0.3857789454500114;0.14882539475252288;67.30789333770791
481;MFO91401AMVB14042011SARL;12.266286088813398;0.9583713954146884;0.918475731549097;16.590205983544774
482;MZB91401AMVB14042011SARL;3.8773318780122272;0.8614468568868007;0.742090687240148;30.52057389652615
483;MFO91201KETB14042011SARL;8.003200316468043;0.9354410643909409;0.8750499849488563;20.700480833491557
484;MZB91201KETB14042011SARL;2.742591128175273;0.7971080882149473;0.6353813042976881;37.145174232175584
485;MFO66018BEMB14042011SARL;2.6514917708850163;0.7892108826184119;0.6228538172433327;37.88817171351952
486;MZB66018BEMB14042011SARL;1.499800013791018;0.5772732790645936;0.33324443872198817;54.741012743034176
487;MFO66007ROVB14042011SARL;3.7913781744455943;0.8580464253968216;0.7362436681362634;30.90206178743303
488;MZB66007ROVB14042011SARL;1.8173662748776869;0.6706364047999629;0.44975318744301973;47.88379815275386
489;MFO41507RIRB14042011SARL;6.323522840411805;0.9175294549925772;0.8418603007789757;23.43246370116964
490;MZB41507RIRB14042011SARL;1.9250628003911532;0.6932073479708712;0.4805364272808086;46.11546240634349
491;MFO42202ARFB14042012SARL;5.473399433169563;0.9040454562396797;0.8172981869476106;25.304972650729102
492;MZB42202ARFB14042012SARL;5.087632822826253;0.8963508995012535;0.8034449350367062;26.31752076470769
493;MFO49914MIAB14042012SARL;5.305771361335165;0.9008473737929298;0.8115259908696186;25.730324750911535
494;MZB49914MIAB14042012SARL;5.201659261072068;0.8987511620707803;0.8077536513235781;26.005604472265755
495;MFO40127YEMB14042012SARL;4.006529264885531;0.8662605924471116;0.7504074140268209;29.973038375953614
496;MZB40127YEMB14042012SARL;1.6163593612515246;0.6175157469689874;0.3813256977546664;51.86505275819118
497;MFO43001THUB14042012SARL;2.1284973665762235;0.7281380332275347;0.5301849954324624;43.26947490950615
498;MZB43001THUB14042012SARL;1.1963234000513983;0.4050995256171084;0.16410562565520626;66.10263592246895
499;MFO12349KRBB14042012SARL;5.968738744492012;0.9123926879629594;0.8324604170482741;24.16187385582604
500;MZB12349KRBB14042012SARL;3.1960673069443892;0.8289242880841867;0.6871154753758758;34.011605561571244
501;MFO12338BADB14042012SARL;7.118700093935372;0.9271056655582922;0.8595249151102841;22.011955859092257
502;MZB12338BADB14042012SARL;2.221882631934735;0.7415734774494704;0.5499312224565003;42.134375249164854
503;MFO12334KIUB14042012SARL;3.9481233616397824;0.8641267891990487;0.7467151078114571;30.216854925290423
504;MZB12334KIUB14042012SARL;3.914472906811364;0.8628660176367184;0.7445377643922497;30.360081569871927
505;MFO21501EVEB14042012SARL;17.767242257574953;0.97145079401315;0.9437166451887796;13.72376675845371
506;MZB21501EVEB14042012SARL;30.38428604697538;0.9834064525239776;0.9670882508657943;10.452246111718198
507;MFO22901MALB14042012SARL;7.37679229755517;0.9297525068424585;0.8644397239798358;21.603731848671327
508;MZB22901MALB14042012SARL;3.379604272533346;0.8391110587889254;0.7041073689818715;32.95363166625477
509;MFO97401REUB14042013SARL;7.496251861915221;0.9309135297028527;0.8665999997838241;21.422331770583842
510;MZB97401REUB14042013SARL;4.438252101676619;0.8801625277545192;0.7746860752632249;28.33802473551216
511;MFO91401AMVB14042013SARL;10.770141380641292;0.9524445958581667;0.9071507081794263;17.740827012125933
512;MZB91401AMVB14042013SARL;3.4586692451933576;0.8431319332578072;0.7108714568790475;32.52766304367955
513;MFO91301CRQB14042013SARL;29.29074355902759;0.9827815227835665;0.9658595215247858;10.647806111727325
514;MZB91301CRQB14042013SARL;2.1671683769037737;0.7338721870369989;0.5385683869064679;42.78799689825718
515;MFO91201KETB14042013SARL;5.549663224001619;0.9054329824775141;0.8198088857581265;25.118338206805024
516;MZB91201KETB14042013SARL;2.3671282830580482;0.7599652543417836;0.5775471878067719;40.538865115899746
517;MFO66018BEMB14042013SARL;2.5687429809012183;0.7814758680591462;0.6107045323587961;38.604096186413
518;MZB66018BEMB14042013SARL;1.4762855850391494;0.5680002530924814;0.3226242875131229;55.38910528231969
519;MFO66007ROVB14042013SARL;4.758018493541462;0.8887229464694241;0.7898284755812949;27.286790985805965
520;MZB66007ROVB14042013SARL;1.7255488982742493;0.6484398671137801;0.42047426126253684;49.5759224407441
521;MFO41507RIRB14042013SARL;2.8450470796050196;0.805302407567275;0.6485119676336495;36.36052942387024
522;MZB41507RIRB14042013SARL;1.3078362254542226;0.4851579824218042;0.23537826790759564;60.97717649554721
523;MFO41703EASB14042013SARL;6.309271009932578;0.9173347718086825;0.8415030835692876;23.460497733081503
524;MZB41703EASB14042013SARL;2.324077486205572;0.7547991436525802;0.5697217472586683;40.99217751859765
525;MFO49804COBB14042014SARL;3.4957192666616215;0.8449472402139337;0.7139358387451431;32.33371645563921
526;MZB49804COBB14042014SARL;1.3511509906382817;0.5097943371631645;0.2598902662036302;59.349868383889714
527;MFO40127YEMB14042014SARL;3.0775895531447137;0.8216266678400742;0.6750703813059836;34.752037487947874
528;MZB40127YEMB14042014SARL;1.7498425755813523;0.6546144056275259;0.42852002005507905;49.10958138824229
529;MFO10317SPJB14042014SARL;1.7322245407835843;0.6501597004381005;0.4227076360737605;49.44635631605934
530;MZB10317SPJB14042014SARL;1.115023349680597;0.3211818715308162;0.10315779460003771;71.2655854738707
531;MFO12349KRBB14042014SARL;8.896609053966866;0.9421239958473623;0.8875976235514007;19.58863114846508
532;MZB12349KRBB14042014SARL;1.9549306870200105;0.6989083722525629;0.48847291280472693;45.660511964978234
533;MFO12334KIUB14042014SARL;10.946367737060934;0.9532289838036813;0.9086454955633989;17.59273808524815
534;MZB12334KIUB14042014SARL;3.8329125434213087;0.859710297514461;0.7391017956524031;30.715929340203555
535;MFO39901DJIB14042014SARL;23.729326743951205;0.9787022296203306;0.9578580542638063;11.846185251253075
536;MZB39901DJIB14042014SARL;7.469758626320581;0.9306593714508058;0.8661268656692089;21.46216672681795
537;MFO97401REUB14042014SARL;12.709399969585462;0.9598531550937328;0.9213180793433935;16.290226290748162
538;MZB97401REUB14042014SARL;8.1581329418052;0.9367085640717961;0.8774229340054461;20.494048059676622
539;MFO30302HBMB14042014SARL;6.705410957062701;0.9224243652067469;0.8508667095270699;22.71687878738095
540;MZB30302HBMB14042014SARL;4.140410452036539;0.8709064539269985;0.7584780514916991;29.43585325628469
541;MFO91301CRQB14042014SARL;10.826405918743436;0.9526978762610268;0.9076332434322706;17.69313998433604
542;MZB91301CRQB14042014SARL;2.5713819221272143;0.7817314474908809;0.6111040559961878;38.580620390684295
543;MFO66018BEMB14042015SARL;2.6000361394119262;0.7844679479603741;0.6153899613771603;38.32850330132221
544;MZB66018BEMB14042015SARL;1.4773599171922653;0.5684337017691757;0.3231168733070082;55.35892491860321
545;MFO66007ROVB14042015SARL;4.4935126867106225;0.8817351950105108;0.7774569541202234;28.14760739989476
546;MZB66007ROVB14042015SARL;1.383755435672258;0.5266203047776999;0.27732894540415753;58.22261444433953
547;MFO92301RIMB14042015SARL;6.495581100971094;0.9198093202812858;0.8460491856763209;23.101778235127995
548;MZB92301RIMB14042015SARL;2.7990690969884846;0.8017096517685474;0.6427383657388455;36.70632639088366
549;MFO92201PAUB14042015SARL;30.662687792494097;0.98355837292677;0.967387072954355;10.404156375453487
550;MZB92201PAUB14042015SARL;7.523184916202592;0.9311700020467529;0.8670775727117498;21.382062435621613
551;MFO40424KOLB14042015SARL;40.740161674465995;0.9876508475033676;0.9754541965741204;9.01372186769615
552;MZB40424KOLB14042015SARL;7.029405514359169;0.9261427855795501;0.8577404592810486;22.15868697237425
553;MFO49804COBB14042015SARL;5.216738288134951;0.8990602544069399;0.8083093410542715;25.96518450335783
554;MZB49804COBB14042015SARL;1.7984430013031718;0.6663058406252858;0.44396347325136865;48.21741592878294
555;MFO10317SPJB14042015SARL;3.1403644685404264;0.8255698783172701;0.6815656239847923;34.35368916133564
556;MZB10317SPJB14042015SARL;1.3763206098848877;0.5229006663782959;0.2734251068988659;58.47297563497543
557;MFO10503MEUB14042016SARL;3.9972742394587164;0.8659269737090091;0.7498295237968429;30.011277333572746
558;MZB10503MEUB14042016SARL;2.0985648298165893;0.7235218488991494;0.5234838658344436;43.6539784113205
559;MFO12602DIOB14042016SARL;7.887727846567235;0.9344628285632718;0.8732207779664707;20.858466234387944
560;MZB12602DIOB14042016SARL;3.694187319792032;0.853993248508291;0.7293044684977437;31.351309440751557
561;MFO39901DJIB14042016SARL;13.04813434420548;0.9609165889871673;0.9233606909907325;16.071580268741155
562;MZB39901DJIB14042016SARL;5.717031849880624;0.908341378560706;0.8250840600055638;24.722860699604503
563;MFO32809LICB14042016SARL;2.788235542221637;0.8008434571650042;0.6413502428839959;36.78927776712454
564;MZB32809LICB14042016SARL;2.5447746063424055;0.7791263630000332;0.6070378895216595;38.8193445245781
565;MFO30302HBMB14042016SARL;12.609852946617242;0.9595295378662081;0.9206969340377389;16.356198669780582
566;MZB30302HBMB14042016SARL;4.531417552201402;0.8827901817394179;0.7793185049755145;28.01920489290003
567;MFO66018BEMB14042016SARL;2.7579235006452323;0.7983785830336751;0.637408361846859;37.024453803539394
568;MZB66018BEMB14042016SARL;1.4877962516769512;0.5725949313295328;0.3278649553842723;55.06862283778136
569;MFO66007ROVB14042016SARL;3.5862507524758516;0.8492097833499747;0.7211572561373109;31.874175186600972
570;MZB66007ROVB14042016SARL;1.315219287946108;0.48956155684401265;0.23967051793953342;60.688231946851985
571;MFO50207CHAB14042016SARL;3.0419011052457616;0.8193034936546044;0.6712582147146404;34.98486854458054
572;MZB50207CHAB14042016SARL;2.686945990732832;0.7923574045612513;0.6278302565630424;37.59363641417659
573;MFO92201PAUB14042017SARL;19.436204054592334;0.9739351232708874;0.9485496243406787;13.110321069469585
574;MZB92201PAUB14042017SARL;6.015716831254067;0.9131093972584068;0.833768771361611;24.06135276037403
575;MFO92902FUUB14042017SARL;14.190671300723908;0.9641219685522114;0.9295311702449913;15.394267502461133
576;MZB92902FUUB14042017SARL;8.61792556653253;0.9401929559903653;0.883962794493901;19.91601386916881
577;MFO49804COBB14042017SARL;3.3190067122850917;0.8358857807011257;0.6987050383783305;33.291815302973205
578;MZB49804COBB14042017SARL;2.231756057979741;0.7429147692742887;0.5519223544058696;42.01969530909961
579;MFO10317SPJB14042017SARL;3.431726943411065;0.8417847256845155;0.7086015243957549;32.67093511208429
580;MZB10317SPJB14042017SARL;1.5276058576906215;0.5876911446370954;0.34538088148485935;54.00666456167614
581;MFO10503MEUB14042017SARL;4.558023497167807;0.8835194733258402;0.7806066597459701;27.930125767650633
582;MZB10503MEUB14042017SARL;1.789426437706541;0.664200057124244;0.441161715883849;48.379014810918086
583;MFO10002GR4B14042017SARL;5.741071009426047;0.9087444484059735;0.825816472508677;24.667583815932197
584;MZB10002GR4B14042017SARL;2.178995969929436;0.7355766705902526;0.5410730383166409;42.64403350074396
585;MFO12602DIOB14042017SARL;7.975303967405814;0.9352074259771587;0.8746129296028227;20.738318072050955
586;MZB12602DIOB14042017SARL;4.168218744668457;0.8718310423493947;0.760089366404032;29.327879348069523
587;MFO32809LICB14042017SARL;10.85302154866328;0.9528167509765882;0.9078597609415817;17.670715587068983
588;MZB32809LICB14042017SARL;4.4452058845443405;0.8803627327993878;0.7750385413020063;28.313849340910934
589;MFO30602ASEB14042018SARL;12.544685158106569;0.9593148421194734;0.9202849663107101;16.39982394049046
590;MZB30602ASEB14042018SARL;9.720679828511097;0.9471676391525202;0.8971265366577588;18.707618317986697
591;MFO30606HEMB14042018SARL;6.000940775706606;0.9128852402657179;0.8333594618949975;24.092833977327036
592;MZB30606HEMB14042018SARL;2.1038984315055815;0.724356185777203;0.5246918838736978;43.58468359912851
593;MFO30604TRJB14042018SARL;7.559731682686834;0.9315149880103152;0.8677201728878576;21.32778107364707
594;MZB30604TRJB14042018SARL;3.615634635986274;0.8505429923725708;0.7234233818740871;31.729222576873426
595;MFO66018BEMB14042018SARL;2.9058399280576475;0.8098551852631217;0.6558654210975652;35.918214961403905
596;MZB66018BEMB14042018SARL;1.588404385288006;0.6086356846537422;0.3704373966339295;52.50908067369876
597;MFO66007ROVB14042018SARL;3.9178559710786307;0.862993832972264;0.7447583557481597;30.34558931297588
598;MZB66007ROVB14042018SARL;1.494874312357778;0.5753672207808176;0.3310474387490421;54.87464705229838
599;MFO50207CHAB14042018SARL;5.77661692710403;0.9093339848107693;0.8268882959318324;24.586525179588083
600;MZB50207CHAB14042018SARL;2.2164004525290277;0.7408225124986377;0.5488179950247942;42.19847177763995
601;MFO92701NOXB14042018SARL;11.414288424989449;0.955191346755162;0.9123905089159402;17.216851911679473
602;MZB92701NOXB14042018SARL;4.411958692618766;0.879399397033312;0.7733432995025529;28.43000228791471
603;MFO92902FUUB14042018SARL;19.921579319462776;0.9745784609497592;0.9498031765472013;12.946813873008447
604;MZB92902FUUB14042018SARL;11.714129556319515;0.9563644746391525;0.9146330083518223;16.988293080991195
605;MFO50305BETB14042018SARL;7.085502458277264;0.9267506399044003;0.8588667485632154;22.066165293601784
606;MZB50305BETB14042018SARL;3.4370677691308082;0.8420536358297154;0.7090543256140429;32.64238189923759
607;MFO10317SPJB14042019SARL;3.019960921359179;0.8178446596874167;0.6688698873792265;35.13038568711039
608;MZB10317SPJB14042019SARL;1.5269614239480915;0.5874560478878239;0.34510460819998123;54.02331129783073
609;MFO43001THUB14042019SARL23485.807221;1.0828690533405987;0.2766356950745647;0.07652730778938754;73.94048534713802
610;MZB43001THUB14042019SARL23485.807221;1.0069400937371271;0.08301964105623873;0.00689226080110672;85.23784389328542
611;MFO10202REZB14042019SARL;3.869095891317793;0.861128147374205;0.7415416862001305;30.5565118382616
612;MZB10202REZB14042019SARL;1.7181087233142291;0.6465018615980607;0.41796465704975794;49.72162649359481
613;MFO10503MEUB14042019SARL;4.262149728295891;0.8748580537488514;0.7653766142092282;28.971819212816325
614;MZB10503MEUB14042019SARL;1.6886459899633104;0.6385996922863394;0.40780956698820736;50.31251884338532
615;MFO10003TLSB14042019SARL;21.240711062519956;0.9761765192921216;0.9529205968172818;12.531591470386678
616;MZB10003TLSB14042019SARL;2.959222012930089;0.8136788947285258;0.6620733437266355;35.543057335845326
617;MFO10002GR4B14042019SARL;4.511077598936732;0.8822264314565567;0.7783234763605704;28.087886061121974
618;MZB10002GR4B14042019SARL;3.391600727655642;0.8397344657195617;0.7051539729173177;32.88790952823284
619;MFO31906PDMB14042019SARL;7.507291228003039;0.9310188841299489;0.8667961626065753;21.405798558067808
620;MZB31906PDMB14042019SARL;3.4626894880827863;0.8433309790114348;0.7112071401603851;32.50644740202743
621;MFO39601SALB14042019SARL;6.99080972774054;0.9257186689270837;0.8569550540001316;22.223025189225808
622;MZB39601SALB14042019SARL;1.984738304638093;0.7043828769649779;0.49615523736145917;45.22029084337651
623;MFO30602ASEB14042019SARL;11.53524315925107;0.9556720949075332;0.9133091529849532;17.123546345763323
624;MZB30602ASEB14042019SARL;10.438207619851415;0.9508933230089669;0.9041981117430355;18.0302336142686
625;MFO41609CADB14042019SARL;10.198813445026014;0.9497101548319263;0.9019493781908814;18.24798211770038
626;MZB41609CADB14042019SARL;5.213162930831151;0.8989871374737695;0.8081778733432821;25.974751280981216
627;MFO30604TRJB14042019SARL;2.150623329006526;0.7314496076806041;0.5350185285761095;42.99194216983281
628;MZB30604TRJB14042019SARL;2.7542856350855187;0.798078598974265;0.6369294501407257;37.0529881924169
629;MFO41507RIRB14042019SARL;3.705509949677963;0.854477390658498;0.7301316111465554;31.297952970335498
630;MZB41507RIRB14042019SARL;1.7496891895215105;0.6545761387396543;0.4284699214073151;49.11248164032921
631;MFO66007ROVB14042019SARL;4.266484486266617;0.8749942811838333;0.7656149921044131;28.95570118454527
632;MZB66007ROVB14042019SARL;1.8544503810723851;0.6787905931566021;0.4607566693578916;47.250792137775775
633;MFO66018BEMB14042020SARL;2.9835621663486234;0.8153711903630599;0.6648301780740733;35.37591910226431
634;MZB66018BEMB14042020SARL;1.5969494035362783;0.6113968305525349;0.3738060844096851;52.309428420372726
635;MFO50119MSPB14042020SARL;5.602554868828597;0.9063718901801333;0.8215100033087077;24.991307907233615
636;MZB50119MSPB14042020SARL;2.0341158283700955;0.7130118589078934;0.5083859109432898;44.51950016682717
637;MFO92701NOXB14042020SARL;5.469054662851459;0.9039651782598224;0.8171530435063123;25.315731390660723
638;MZB92701NOXB14042020SARL;2.750268707952078;0.7977463033584903;0.6363991645221364;37.08457409052005
639;MFO22006MANB14042020SARL;3.552174741563676;0.8476333628427158;0.7184823178040511;32.04481363511266
640;MZB22006MANB14042020SARL;3.382781496764498;0.8392766418019121;0.704385281474295;32.93618657091998
641;MFO21602JIVB14042020SARL;4.1479123484833185;0.8711571999643752;0.7589148670497704;29.406606689063416
642;MZB21602JIVB14042020SARL;2.0972999881542074;0.7233232251442853;0.5231964880331305;43.67046191571927
643;MFO12338BADB14042020SARL;3.642956053010587;0.8517614979049188;0.725497649313231;31.596220387155252
644;MZB12338BADB14042020SARL;1.7460954033434024;0.6536769899284299;0.4272936071618927;49.180591708932084
645;MFO12349KRBB14042020SARL;4.48176609962929;0.881404376463065;0.7768736748482445;28.187760692345034
646;MZB12349KRBB14042020SARL;1.6016960194746326;0.612912559901307;0.3756618060847732;52.19960072942902
647;MFO10317SPJB14042020SARL;2.733578154392717;0.7963536322250079;0.634179107557963;37.21670279190632
648;MZB10317SPJB14042020SARL;1.4887662512963546;0.5729772091885377;0.32830288224948523;55.04190235764394
649;MFO43001THUB14042020SARL;2.189966705389734;0.7371377437838336;0.5433720533107207;42.51183733819675
650;MZB43001THUB14042020SARL;1.1355860557646695;0.3455393309921794;0.11939742926252295;69.78527799519843
651;MFO10202REZB14042020SARL;4.402005307591269;0.8791079600820413;0.7728308054796078;28.465056294555836
652;MZB10202REZB14042020SARL;1.7734255445995555;0.6603934786853869;0.4361195466901866;48.67011138144692
653;MFO40101STKB14042021SARL;11.629460007112485;0.956039478619321;0.9140114846787032;17.051909220238787
654;MZB40101STKB14042021SARL;8.691056336022498;0.9407120642914099;0.8849391879034056;19.828515818311146
655;MFO31906PDMB14042021SARL;8.754615331655026;0.9411559572234653;0.8857745358172174;19.753400677109394
656;MZB31906PDMB14042021SARL;3.7491386909772655;0.8563130681127956;0.7332720706207494;31.094898962985717
657;MFO97205LAOB14042021SARL;9.484473873599445;0.9458142131741432;0.8945645258422236;18.94790282115308
658;MZB97205LAOB14042021SARL;6.413054142906014;0.9187317649450285;0.8440680559190071;23.258626765296405
659;MFO97301KRWB14042021SARL;7.906242382365916;0.9346216692844969;0.8735176646961393;20.83289127743305
660;MZB97301KRWB14042021SARL;4.357867108809323;0.8777983516615554;0.7705299461797437;28.622090252587824
661;MFO41609CADB14042021SARL;10.09427919347409;0.9491754244534665;0.9009339863864182;18.345573660652892
662;MZB41609CADB14042021SARL;5.601539348933004;0.9063540391706894;0.8214776443210235;24.993728706555636
663;MFO42202ARFB14042021SARL;2.825737941314453;0.803809767030897;0.6461101415742649;36.50453600545521
664;MZB42202ARFB14042021SARL;3.4598646085450695;0.8431911699787811;0.7109713491301857;32.52135048141621
665;MFO41507RIRB14042021SARL;4.610983558418688;0.8849443660254265;0.7831265309601441;27.755324257976177
666;MZB41507RIRB14042021SARL;1.8895019875140115;0.6861195354075644;0.47076001686789204;46.67628400969643
667;MFO66007ROVB14042021SARL;3.73517099123867;0.8557304713181824;0.7322746395424385;31.15947196641482
668;MZB66007ROVB14042021SARL;1.8522038287077902;0.6783086443110133;0.4601026169470448;47.28838449336114
669;MFO66018BEMB14042021SARL;2.7233525893794543;0.7954907503684459;0.6328055339217531;37.29836714902687
670;MZB66018BEMB14042021SARL;1.3972636560983593;0.5332123946739807;0.28431545783396106;57.77723854568348
671;MFO50119MSPB14042021SARL;2.180411311870988;0.7357791350578661;0.5413709355865015;42.62690694025962
672;MZB50119MSPB14042021SARL;1.715378015417896;0.645784883525659;0.41703811579024896;49.77545112451118
673;MFO50107YASB14042022SARL;10.56956864357386;0.9515191850860882;0.9053887595868934;17.914016577834783
674;MZB50107YASB14042022SARL;3.6104721498104055;0.8503104813945308;0.7230279147693988;31.754544879513627
675;MFO23101CIDB14042022SARL;15.227936027098487;0.9666080998731158;0.9343312187403154;14.848211902545549
676;MZB23101CIDB14042022SARL;8.803860595799906;0.9414953357492796;0.8864134672376487;19.69578587374169
677;MFO22006MANB14042022SARL;10.71980385909917;0.9522156851759445;0.9067147110950933;17.783819287886292
678;MZB22006MANB14042022SARL;4.637158922773855;0.885635769558458;0.7843507163214022;27.67013887104734
679;MFO21602JIVB14042022SARL;7.959684616536858;0.9350758694255311;0.874366881581913;20.759594358692006
680;MZB21602JIVB14042022SARL;3.4378760429468405;0.8420942520939957;0.709122729409746;32.63806728288713
681;MFO12338BADB14042022SARL;4.72999703856431;0.8880221715399724;0.7885833771465682;27.374243516097785
682;MZB12338BADB14042022SARL;1.8472515190687602;0.6772408746089928;0.4586552022411535;47.371590322924646
683;MFO12349KRBB14042022SARL;9.509990076305456;0.9459637515201658;0.8948474191901059;18.921498596046526
684;MZB12349KRBB14042022SARL;2.408893308796494;0.7647689915259019;0.584871610399545;40.11355514394181
685;MFO10317SPJB14042022SARL;3.0966932195095453;0.8228456049166135;0.6770748895305877;34.629327347127955
686;MZB10317SPJB14042022SARL;1.5670621003304899;0.6015506597444101;0.36186319623893515;53.01896361850376
687;MFO43001THUB14042022SARL;3.9560565206867584;0.8644206297039015;0.7472230250576897;30.183385556084026
688;MZB43001THUB14042022SARL;1.8861298440832326;0.6854296519815275;0.46981380781551796;46.73059378463206
689;MFO10202REZB14042022SARL;4.598875853636361;0.8846217025692176;0.7825555566564613;27.794996214338752
690;MZB10202REZB14042022SARL;1.7456165901625453;0.6535568199465599;0.42713651689866006;49.1896892250476
691;MFO40101STKB14042022SARL;12.735768031629382;0.9599380094290227;0.9214809819465546;16.272884890845265
692;MZB40101STKB14042022SARL;8.942648445769791;0.9424310606819266;0.8881763041380613;19.53608692356952
693;MFO40451GRFB14042022SARL;9.133115956275219;0.9436674959746248;0.8905083429590187;19.32312165620996
694;MZB40451GRFB14042022SARL;4.9511321435767375;0.8933230057719516;0.7980259926414341;26.70616893472203
695;MFO49914MIAB14042022SARL;25.416446535038094;0.9801302959018229;0.9606553969445949;11.44076519946663
696;MZB49914MIAB14042022SARL;8.573183225643872;0.9398708481694608;0.8833572112387815;19.97012164888637
697;MFO97205LAOB14042022SARL;18.837560271328577;0.9730953546893981;0.9469145693180855;13.320784918921976
698;MZB97205LAOB14042022SARL;7.38326202825412;0.9298163858402665;0.8645585113770553;21.59378902645388
699;MFO42202ARFB14042023SARL;11.42639820483169;0.9552399479142222;0.9124833580911659;17.20744149633561
700;MZB42202ARFB14042023SARL;5.9494285811074175;0.9120946392355613;0.8319166309222488;24.203560717280084
701;MFO41507RIRB14042023SARL;3.836692808428536;0.859859788989329;0.7393588567207735;30.699156348690305
702;MZB41507RIRB14042023SARL;2.250821304256701;0.7454647740153951;0.5557177292978241;41.80096496020709
703;MFO66007ROVB14042023SARL;4.588449202988871;0.8843423786071551;0.782061442600561;27.82929748012622
704;MZB66007ROVB14042023SARL;1.7667846942589622;0.6587868225109041;0.4340000775140135;48.792585513511725
705;MFO66018BEMB14042023SARL;1.7703392457847353;0.6596487798397487;0.43513651274406917;48.726907754167904
706;MZB66018BEMB14042023SARL;1.0977254628842263;0.2983712673388586;0.08902541317339663;72.64019609903217
707;MFO50107YASB14042023SARL;11.524630806247961;0.9556303283672697;0.9132293244953357;17.13167211652068
708;MZB50107YASB14042023SARL;4.425586839733792;0.8797961501905016;0.7740412658900278;28.382217083774584
709;MFO91401AMVB14042023SARL23485.990438;1.658703715370789;0.6301742421946516;0.3971195755256034;50.93702102070121
710;MZB91401AMVB14042023SARL23485.990438;1.0550055607305049;0.2283368070356222;0.052137697447222964;76.80082762011288
711;MFO23101CIDB14042023SARL;14.931268500029148;0.9659329447987778;0.9330264538476387;14.998424066909896
712;MZB23101CIDB14042023SARL;6.273683628409826;0.9168445953681345;0.8406040120557582;23.53094270924084
713;MFO22901MALB14042023SARL;4.249974365397015;0.8744738207216993;0.7647044631276066;29.01723647430817
714;MZB22901MALB14042023SARL;2.2085426071398557;0.7397382779960209;0.5472127199325183;42.29087435679208
715;MFO21501EVEB14042023SARL23485.999582;45.78665009384023;0.9890195006968481;0.9781595727586427;8.498589933488269
716;MZB21501EVEB14042023SARL23485.999582;168.2473155249985;0.9970237553657231;0.9940563687635693;4.421602688803902
717;T_1_23485____________DOR;47.322083857456164;0.9893776918607987;0.9788682171518016;8.358575372913391
718;T_2_23485____________DOR;35.05162092413428;0.9856321062643546;0.971470648899108;9.72423734731095
719;T_3_23485____________DOR;9806.483020620692;0.9999490120213058;0.9998980266423857;0.5785932641789402
720;D_0_23485____________DOR;2.388098458258585;0.762401991044875;0.5812567959491898;40.32358784643224
