;Param√®tre;VIF;cos_teta;R_2;Teta
0;EX__INST_2014041921_CRYO;55025.1030413287;0.9999909131969942;0.9999818264765583;0.24425502977749203
1;EY__INST_2014041921_CRYO;13875545.875656862;0.999999963965381;0.9999999279307633;0.015381461350437928
2;EZ__INST_2014041921_CRYO;277935920.19834155;0.9999999982010241;0.9999999964020484;0.0034367686477872446
3;EXP_INST_2014041921_CRYO;3481820.464435979;0.9999998563969507;0.999999712793922;0.030705732804790185
4;EYP_INST_2014041921_CRYO;140448308.61352283;0.9999999964399714;0.9999999928799428;0.004834642596604003
5;EZP_INST_2014041921_CRYO;21196462.504569784;0.9999999764111579;0.9999999528223165;0.012444886576086295
6;FD_______2014042003_CRYO;21747215.28393925;0.9999999770085504;0.9999999540171012;0.012286291315160111
7;FD_______2014042015_CRYO;434192.5311624868;0.9999988484364608;0.9999976968742477;0.08695241025362005
8;FD_______2014042103_CRYO;5413.436174783452;0.9999076329568349;0.9998152744453406;0.7787525716419852
9;FS_______2014042009_CRYO;19278743.970915414;0.9999999740647001;0.9999999481294009;0.01304918139918649
10;BTS____201404192100_CRYO;2041544.4330924992;0.9999997550873481;0.9999995101747561;0.04009989630395627
11;BTC____201404192100_CRYO;1264839.8563177148;0.9999996046929607;0.9999992093860776;0.050945393204864714
12;BNS____201404192100_CRYO;435.75786397038894;0.9988519147270987;0.9977051475539912;2.745783320962812
13;BNC____201404192100_CRYO;353.5103962018656;0.998584612778652;0.9971712288782902;3.048782923616312
14;BX_____201404192100_CRYO;34629428.352481574;0.9999999855614133;0.9999999711228268;0.009736435085332057
15;BY_____201404192100_CRYO;273813.3057742913;0.9999981739365985;0.9999963478765315;0.10949533647015498
16;YXM_620140420101449_CRYO;24607.573694464605;0.9999796808459848;0.9999593621048375;0.3652508007481979
17;YYM_620140420101449_CRYO;2715.06474571161;0.9998158253689206;0.9996316846581359;1.0996619555936726
18;YZM_620140420101449_CRYO;4152.237341636897;0.999879575740321;0.9997591659826445;0.8891990319029363
19;PX_______2014042012_____;209.13523978655397;0.9976063377308444;0.9952184050807477;3.96511451818642
20;PY_______2014042012_____;377.8958461407321;0.9986760076289087;0.9973537682136162;2.948684453908004
21;SX__2014042310002GR4B___;19597.34638002604;0.9999744860161738;0.9999489726833108;0.40928675591981256
22;SY__2014042310002GR4B___;65434.939291217896;0.9999923587930893;0.9999847176445668;0.22398497500606174
23;SZ__2014042310002GR4B___;6316.3582749494135;0.999920837329093;0.9998416809249143;0.7209426434224825
24;SX__2014042310003TLSB___;22708.21637069064;0.9999779812955552;0.9999559630759336;0.3802194314752038
25;SY__2014042310003TLSB___;24888.06998053318;0.9999799098514678;0.9999598201065497;0.36318669580961854
26;SZ__2014042310003TLSB___;10554.642912815203;0.9999526263609465;0.9999052549661547;0.55770908372777
27;SX__2014042310202REZB___;9613.457680761097;0.9999479882244364;0.9998959791540976;0.5843732835055809
28;SY__2014042310202REZB___;15612.26182416955;0.9999679733780784;0.9999359477818613;0.45855808577893764
29;SZ__2014042310202REZB___;10129.08125264833;0.9999506359630412;0.9999012743628907;0.5693046763720512
30;SX__2014042310317SPJB___;3732.4224403493226;0.9998660297694614;0.9997320774869454;0.9378786103286983
31;SY__2014042310317SPJB___;5473.759621299379;0.9999086509322835;0.9998173102092192;0.7744493079920277
32;SZ__2014042310317SPJB___;12990.99780683718;0.9999615110686759;0.9999230236187497;0.5026977594695776
33;SX__2014042310503MEUB___;10137.319685652466;0.9999506760813718;0.9999013545955925;0.5690732894680929
34;SY__2014042310503MEUB___;12141.307752975043;0.9999588174267526;0.9999176365495097;0.5199910401512189
35;SZ__2014042310503MEUB___;8542.21863550295;0.9999414654839225;0.9998829343941346;0.6199344412827011
36;SX__2014042312334KIUB___;215570.64298621524;0.9999976805720253;0.9999953611494304;0.12340369384369154
37;SY__2014042312334KIUB___;338826.86681049166;0.9999985243190022;0.9999970486401819;0.09843145982629022
38;SZ__2014042312334KIUB___;67386.077706594;0.9999925800421687;0.9999851601393933;0.22071843968400395
39;SX__2014042312338BADB___;26591.79745698566;0.9999811970325965;0.9999623944187445;0.351359343785175
40;SY__2014042312338BADB___;23686.74167330647;0.9999788909220094;0.999957782289612;0.3722828469620475
41;SZ__2014042312338BADB___;15231.250327077003;0.9999671722152585;0.9999343455081805;0.46425822521082843
42;SX__2014042312349KRBB___;69132.27601461933;0.9999927674620747;0.9999855349764589;0.21791305627907143
43;SY__2014042312349KRBB___;19206.077187485203;0.9999739662345598;0.9999479331468765;0.413434834837332
44;SZ__2014042312349KRBB___;11332.401950397836;0.9999558777536313;0.9999117574540352;0.5382301658488973
45;SX__2014042312602DIOB___;50211.615583751234;0.9999900420951672;0.9999800842894941;0.2556948473158108
46;SY__2014042312602DIOB___;26539.550464272896;0.999981160015852;0.9999623203866491;0.3517050292466593
47;SZ__2014042312602DIOB___;28496.788621721167;0.9999824540093561;0.9999649083265741;0.33941201494774886
48;SX__2014042321501EVEB___;150159.33896175012;0.9999966701982314;0.9999933404075503;0.14785871943716455
49;SY__2014042321501EVEB___;26250.06581410536;0.9999809522473001;0.9999619048574171;0.3536390307284448
50;SZ__2014042321501EVEB___;13281.22309162713;0.9999623521562216;0.9999247057298035;0.49717473007806107
51;SX__2014042321602JIVB___;33484.95629595289;0.9999850678098948;0.99997013584276;0.3131121540025655
52;SY__2014042321602JIVB___;20858.760238259874;0.9999760289687826;0.9999520585121754;0.39671795494530626
53;SZ__2014042321602JIVB___;9740.292163569982;0.9999486655199297;0.9998973336750883;0.5805559387233957
54;SX__2014042322006MANB___;67407.5999317588;0.9999925824112577;0.9999851648775359;0.22068320066951705
55;SY__2014042322006MANB___;100521.2639262523;0.999995025915672;0.9999900518560856;0.18071507493476127
56;SZ__2014042322006MANB___;15543.627178886967;0.9999678319586294;0.9999356649520417;0.45956939987144524
57;SX__2014042322901MALB___;70482.10048889394;0.9999929059751335;0.9999858120005921;0.21581629879926859
58;SY__2014042322901MALB___;16359.76249337868;0.9999694367420594;0.9999388744182316;0.44795930246799653
59;SZ__2014042322901MALB___;14544.122310004186;0.9999656212603156;0.9999312437025291;0.4750987089102308
60;SX__2014042323101CIDB___;95374.73488312816;0.9999947575077274;0.9999895150429385;0.1855268280318665
61;SY__2014042323101CIDB___;10157.975276176869;0.999950776380862;0.9999015551846887;0.568494389033579
62;SZ__2014042323101CIDB___;16704.387359703524;0.9999700672959432;0.9999401354878532;0.44331424783985696
63;SX__2014042330302HBMB___;31230.348683803793;0.9999839898040319;0.9999679798643901;0.32421756039591254
64;SY__2014042330302HBMB___;45723.630242871295;0.9999890646755039;0.9999781294705891;0.2679500629692708
65;SZ__2014042330302HBMB___;7132.400638178494;0.9999298949186606;0.9998597947520437;0.6784454219067044
66;SX__2014042330602ASEB___;12609.05431017119;0.9999603451693042;0.999920691911114;0.5102548194731173
67;SY__2014042330602ASEB___;24197.397571782774;0.9999793364073774;0.9999586732417388;0.3683335626701451
68;SZ__2014042330602ASEB___;10534.464472721227;0.999952535616056;0.9999050734849797;0.5582429823074045
69;SX__2014042330604TRJB___;25325.05971272994;0.9999802565150253;0.9999605134198559;0.36003958427711974
70;SY__2014042330604TRJB___;44709.791901296776;0.999988816704919;0.9999776335349042;0.27097107053734126
71;SZ__2014042330604TRJB___;11611.17855434078;0.999956937121963;0.9999138760983375;0.5317294501786277
72;SX__2014042330606HEMB___;27617.807605534916;0.9999818955750113;0.9999637914777928;0.34477094034019196
73;SY__2014042330606HEMB___;58236.54906312167;0.9999914142895745;0.9999828286528634;0.237424788242455
74;SZ__2014042330606HEMB___;10559.857748200284;0.9999526497562975;0.9999053017546405;0.5575713540290921
75;SX__2014042331906PDMB___;23773.504782742213;0.9999789679619124;0.9999579363661716;0.3716028799994881
76;SY__2014042331906PDMB___;28014.605253270205;0.9999821520075861;0.9999643043337231;0.3423205431236072
77;SZ__2014042331906PDMB___;15163.169997120853;0.9999670248210615;0.9999340507294854;0.4652993052880314
78;SX__2014042332809LICB___;5642.310986207746;0.9999113799013863;0.9998227676562946;0.7627934445196051
79;SY__2014042332809LICB___;28897.22582256708;0.9999826971513176;0.9999653946020237;0.33705211862384704
80;SZ__2014042332809LICB___;8669.700608377541;0.999942326218465;0.9998846557631952;0.6153595309967076
81;SX__2014042339601SALB___;78482.05689510907;0.9999936290967323;0.999987258234053;0.20452121606288717
82;SY__2014042339601SALB___;361378.9138858869;0.9999986164097386;0.9999972328213916;0.09531064938613036
83;SZ__2014042339601SALB___;44379.15911985357;0.9999887333868739;0.9999774669006842;0.271978596823754
84;SX__2014042339901DJIB___;15744.3515610718;0.9999682420747741;0.999936485158114;0.45663042040704055
85;SY__2014042339901DJIB___;412925.9575724179;0.9999987891284295;0.9999975782583254;0.08916341943595937
86;SZ__2014042339901DJIB___;36875.60950604048;0.9999864408101583;0.9999728818041682;0.2983698882435746
87;SX__2014042340101STKB___;21726.038016555107;0.9999769858750492;0.9999539722797485;0.38871893527277074
88;SY__2014042340101STKB___;18717.67897760526;0.9999732869294876;0.9999465745725634;0.41879404947482674
89;SZ__2014042340101STKB___;11232.792657966105;0.999955486481069;0.9999109749435915;0.5406114070978025
90;SX__2014042340127YEMB___;34188.97276638527;0.9999853752945542;0.9999707508029904;0.3098715634810791
91;SY__2014042340127YEMB___;28963.625564666796;0.9999827368188172;0.9999654739356519;0.33666554283017525
92;SZ__2014042340127YEMB___;13674.812849256443;0.9999634357598354;0.9999268728566143;0.4899674505327476
93;SX__2014042340424KOLB___;17293.711204469324;0.9999710873379138;0.9999421755117698;0.435695141281919
94;SY__2014042340424KOLB___;62539.02967781867;0.9999920049607206;0.999984009985362;0.22911220259190251
95;SZ__2014042340424KOLB___;17860.842487202142;0.9999720054079697;0.9999440115996366;0.42872194549359
96;SX__2014042340451GRFB___;28915.75182180815;0.9999827082371553;0.9999654167733157;0.3369441273155164
97;SY__2014042340451GRFB___;37430.57562932005;0.9999866418474428;0.9999732838733258;0.29614971102591914
98;SZ__2014042340451GRFB___;23526.7370797849;0.9999787473583132;0.9999574951683011;0.3735466616429461
99;SX__2014042341507RIRB___;29462.4573598233;0.9999830291059346;0.9999660584998805;0.33380328453981517
100;SY__2014042341507RIRB___;25551.63180675758;0.9999804315866817;0.9999608635562862;0.3584397327648703
101;SZ__2014042341507RIRB___;12247.226520318074;0.9999591735968972;0.9999183488605897;0.5177375538336088
102;SX__2014042341609CADB___;63630.92694417539;0.9999921421549476;0.9999842843716409;0.22713792029850613
103;SY__2014042341609CADB___;74877.89556788576;0.9999933224396118;0.9999866449238134;0.20938558709521102
104;SZ__2014042341609CADB___;11534.812273024432;0.9999566520177879;0.9999133059146235;0.5334867559169176
105;SX__2014042341703EASB___;309722.2999222657;0.9999983856493262;0.9999967713012584;0.10295243628997276
106;SY__2014042341703EASB___;19106.799720963892;0.9999738309633405;0.9999476626114994;0.41450754977430554
107;SZ__2014042341703EASB___;16188.609056798161;0.999969113608219;0.9999382281704072;0.450321141011844
108;SX__2014042342202ARFB___;98808.5579669584;0.9999949396967696;0.9999898794191457;0.18227457084403062
109;SY__2014042342202ARFB___;50751.52590548161;0.9999901480309393;0.9999802961589399;0.2543311215647789
110;SZ__2014042342202ARFB___;13912.711747690195;0.9999640609973109;0.9999281232862338;0.48576021437082323
111;SX__2014042343001THUB___;6827.954509083339;0.9999267689455504;0.9998535432538882;0.693406525478046
112;SY__2014042343001THUB___;8699.480761827688;0.9999425236536308;0.9998850506107919;0.6143053350559772
113;SZ__2014042343001THUB___;13296.893177752456;0.9999623965241834;0.9999247944623881;0.496881681813203
114;SX__2014042349804COBB___;19922.613303366157;0.9999749025759412;0.9999498057817631;0.4059318359053366
115;SY__2014042349804COBB___;35745.94002304542;0.999986012299673;0.9999720247950017;0.30304791207322346
116;SZ__2014042349804COBB___;11260.409699394668;0.9999555956564032;0.9999111932845521;0.5399480344444684
117;SX__2014042349914MIAB___;309501.49538499577;0.9999983844976152;0.9999967689978404;0.10298915394420831
118;SY__2014042349914MIAB___;144962.25056941056;0.9999965508202284;0.9999931016523538;0.1504858515983219
119;SZ__2014042349914MIAB___;72915.67043467771;0.9999931427399441;0.9999862855269103;0.2121842717195345
120;SX__2014042350107YASB___;66038.08384583078;0.9999924285826641;0.9999848572226545;0.22295976441536058
121;SY__2014042350107YASB___;71451.34590238665;0.9999930022067025;0.9999860044623741;0.2143475078735958
122;SZ__2014042350107YASB___;51373.6520401252;0.9999902673371792;0.9999805347690832;0.2527864677465095
123;SX__2014042350119MSPB___;21006.33318924097;0.9999761973712297;0.9999523953090246;0.3953219722288479
124;SY__2014042350119MSPB___;552943.7341582911;0.9999990957484548;0.9999981914977272;0.07705171201158038
125;SZ__2014042350119MSPB___;37952.490172390215;0.9999868255471153;0.9999736512677967;0.2941063499903133
126;SX__2014042350207CHAB___;32604.66872623548;0.9999846646552963;0.9999693295457655;0.3173108748355297
127;SY__2014042350207CHAB___;96034.69018322231;0.999994793534496;0.9999895870960994;0.18488825191897285
128;SZ__2014042350207CHAB___;12616.189750432042;0.9999603675976513;0.9999207367660299;0.5101105007831555
129;SX__2014042350305BETB___;13590.672360819579;0.9999632093847495;0.9999264201230483;0.49148185306467357
130;SY__2014042350305BETB___;167365.87552747468;0.9999970125287171;0.9999940250663593;0.1400520944590929
131;SZ__2014042350305BETB___;22662.792750245153;0.9999779371624107;0.9999558748115901;0.38060028814234764
132;SX__2014042366007ROVB___;15926.192810599156;0.9999686046844404;0.9999372103545466;0.45401603622768477
133;SY__2014042366007ROVB___;20197.485617820297;0.9999752441368939;0.9999504888866405;0.40316011687630543
134;SZ__2014042366007ROVB___;14686.181782969088;0.9999659538116115;0.9999319087823658;0.4727952572695968
135;SX__2014042366018BEMB___;8570.490014761774;0.9999416585767068;0.9998833205571352;0.6189110714436856
136;SY__2014042366018BEMB___;12661.944550414266;0.9999605108148673;0.9999210231891303;0.5091879828090878
137;SZ__2014042366018BEMB___;18249.003082895702;0.9999726008676965;0.9999452024861053;0.42413784611721694
138;SX__2014042391201KETB___;35429.98827308887;0.9999858875615685;0.9999717753222979;0.30439616116289775
139;SY__2014042391201KETB___;19762.050032983294;0.9999746986610913;0.9999493979623404;0.40757759086539913
140;SZ__2014042391201KETB___;8433.913997472846;0.9999407137869627;0.9998814310887804;0.6239023637645402
141;SX__2014042391301CRQB___;47455.90009457318;0.9999894638467913;0.9999789278045932;0.2630141113931953
142;SY__2014042391301CRQB___;43507.47692750163;0.9999885076564211;0.9999770154449161;0.27468968214959416
143;SZ__2014042391301CRQB___;9646.559315146009;0.9999481667045913;0.999896336095873;0.5833697649189724
144;SX__2014042391401AMVB___;48728.15036313125;0.9999897389381384;0.9999794779815662;0.2595578418959979
145;SY__2014042391401AMVB___;18863.315650741722;0.999973493173944;0.9999469870504998;0.41717421138188826
146;SZ__2014042391401AMVB___;4671.2527762624;0.9998929566036712;0.9997859246656311;0.8383424247858271
147;SX__2014042392201PAUB___;121344.49597852843;0.9999958794914751;0.9999917589999288;0.16448003429312585
148;SY__2014042392201PAUB___;1446737.2219586796;0.999999654394676;0.9999993087894714;0.04763518484610449
149;SZ__2014042392201PAUB___;150768.87980715503;0.9999966836602505;0.9999933673314992;0.1475595283663122
150;SX__2014042392301RIMB___;276655.2281931695;0.9999981926947302;0.9999963853927268;0.10893149226150466
151;SY__2014042392301RIMB___;71098.29050567505;0.9999929674573808;0.9999859349642181;0.21487904796268284
152;SZ__2014042392301RIMB___;19716.56458210204;0.9999746402910139;0.9999492812251427;0.40804746186351315
153;SX__2014042392701NOXB___;102049.436345303;0.9999951004018953;0.9999902008277967;0.17935687834653338
154;SY__2014042392701NOXB___;114880.77589058473;0.9999956476522359;0.9999912953234147;0.1690439306317985
155;SZ__2014042392701NOXB___;84950.69907727468;0.999994114215929;0.9999882284665005;0.19658030561187556
156;SX__2014042392902FUUB___;35265.56633897675;0.999985821763366;0.9999716437277545;0.30510494994553544
157;SY__2014042392902FUUB___;201246.01823507642;0.9999975154757071;0.9999950309575872;0.12772012764426321
158;SZ__2014042392902FUUB___;22554.399295569507;0.999977831130161;0.9999556627517809;0.3815137627282736
159;SX__2014042397205LAOB___;116136.07906260656;0.9999956946964254;0.9999913894113864;0.16812785643716924
160;SY__2014042397205LAOB___;9388.28978323052;0.9999467407454699;0.9998934843274878;0.591339785510108
161;SZ__2014042397205LAOB___;12267.640253089503;0.9999592415346792;0.9999184847306108;0.517306597116538
162;SX__2014042397301KRWB___;99341.27386504148;0.9999949668326281;0.9999899336905891;0.18178519009829003
163;SY__2014042397301KRWB___;46765.97124571038;0.999989308408238;0.9999786169307862;0.2649471187664707
164;SZ__2014042397301KRWB___;54377.79985823194;0.9999908050288894;0.9999816101423263;0.24570452095594086
165;SX__2014042397401REUB___;49991.531693251585;0.9999899982560343;0.9999799966121035;0.25625707145160104
166;SY__2014042397401REUB___;27370.20219433772;0.9999817317912545;0.9999634639162364;0.34632693879555987
167;SZ__2014042397401REUB___;8591.095286772152;0.9999417985094908;0.9998836004063952;0.6181683848642477
168;MGN10002GR4B14042012CRYO;3.446662575478563;0.8425344260568469;0.7098642590909405;32.591275551528376
169;MGE10002GR4B14042012CRYO;13.182692525789793;0.9613235473018864;0.9241429625970823;15.987138137309032
170;MGN10003TLSB14042012CRYO;5.2852273529583345;0.9004406591444132;0.8107933806404253;25.78394949866097
171;MGE10003TLSB14042012CRYO;11.993232880434126;0.9574025518373845;0.9166196462647357;16.783528013206634
172;MGN10202REZB14042012CRYO;3.9108727756122708;0.8627297375866336;0.7443026001163017;30.375526702704867
173;MGE10202REZB14042012CRYO;6.9078167667378;0.9247899552208813;0.8552364612774395;22.36329667837308
174;MGN10317SPJB14042012CRYO;3.967107685028649;0.8648278356971331;0.7479271853965874;30.136947847310847
175;MGE10317SPJB14042012CRYO;4.488026374787679;0.8815809152529898;0.7771849101382992;28.16633973416927
176;MGN10503MEUB14042012CRYO;4.262355482305035;0.874864526676314;0.7653879400365708;28.971053540464794
177;MGE10503MEUB14042012CRYO;7.723440333151527;0.9330187676518741;0.8705240207906219;21.089615342224846
178;MGN12334KIUB14042012CRYO;9.278367471665408;0.9445752586141224;0.8922224191859361;19.16531914186833
179;MGE12334KIUB14042012CRYO;38.96391231486301;0.9870842041565604;0.9743352260953902;9.21863808015805
180;MGN12338BADB14042012CRYO;4.936942577548187;0.8929980329763225;0.7974454868995812;26.74756987041376
181;MGE12338BADB14042012CRYO;8.340532651721071;0.9381383590385435;0.8801035806995312;20.25876790786683
182;MGN12349KRBB14042012CRYO;8.927541020835589;0.9423306601578456;0.8879870730735211;19.55328215689619
183;MGE12349KRBB14042012CRYO;21.536389331318507;0.9765075326215049;0.9535669612665394;12.443881104517047
184;MGN12602DIOB14042012CRYO;7.547804496950224;0.9314027817022056;0.8675111417626065;21.345450466398617
185;MGE12602DIOB14042012CRYO;15.29553412872187;0.9667582116140686;0.9346214397232323;14.814611967464684
186;MGN21501EVEB14042012CRYO;8.902598796828647;0.9421641305046188;0.8876732488095243;19.58177109482699
187;MGE21501EVEB14042012CRYO;18.60366055313431;0.9727523517907305;0.9462471379143971;13.405815273408166
188;MGN21602JIVB14042012CRYO;4.509911337827493;0.8821939417769946;0.7782661509080313;28.091839546480994
189;MGE21602JIVB14042012CRYO;14.050666153876264;0.9637577481985644;0.9288289972127676;15.472684535425723
190;MGN22006MANB14042012CRYO;4.225838088993667;0.8737050705338251;0.7633605502765162;29.10791033917293
191;MGE22006MANB14042012CRYO;29.56671999575856;0.9829436349695554;0.9661781895271625;10.597418884609299
192;MGN22901MALB14042012CRYO;8.492440696432825;0.9392806934067727;0.8822482210067076;20.068892974626852
193;MGE22901MALB14042012CRYO;85.91285425518055;0.9941631145090077;0.9883602982502505;6.193550560257372
194;MGN23101CIDB14042012CRYO;3.7617691391806223;0.8568358252926532;0.7341676315049421;31.036855494094873
195;MGE23101CIDB14042012CRYO;9.290202723233008;0.9446479356932869;0.8923597224095883;19.152631109919266
196;MGN30302HBMB14042012CRYO;4.017721479177749;0.866661818155507;0.751102707048609;29.926991699160546
197;MGE30302HBMB14042012CRYO;19.59818214054476;0.9741534064820035;0.9489748593604915;13.055068967098206
198;MGN30602ASEB14042012CRYO;7.059896174847077;0.9264744235328574;0.8583548574605404;22.108253856074978
199;MGE30602ASEB14042012CRYO;18.17124205008222;0.972094639724376;0.9449679885808645;13.567398547043672
200;MGN30604TRJB14042012CRYO;5.7379228479318565;0.9086918648225796;0.8257209051947372;24.674801696838077
201;MGE30604TRJB14042012CRYO;67.73902043484743;0.9925912854650978;0.9852374599812553;6.978748638853206
202;MGN30606HEMB14042012CRYO;4.465582312807302;0.8809455370438906;0.7760650392375487;28.24336583555609
203;MGE30606HEMB14042012CRYO;22.214192576247186;0.9772326918853426;0.9549837340894729;12.249571870170959
204;MGN31906PDMB14042012CRYO;7.131800622608973;0.9272448200115821;0.8597829562383115;21.990673505055305
205;MGE31906PDMB14042012CRYO;16.92642712296284;0.9700107146860465;0.9409207866057347;14.067342252446887
206;MGN32809LICB14042012CRYO;3.3121651269991363;0.835513426342067;0.6980826855978607;33.33066244095046
207;MGE32809LICB14042012CRYO;7.4736574326676966;0.9306968914139991;0.8661967036876812;21.4562905484379
208;MGN39601SALB14042012CRYO;6.0358490247960574;0.9134129543284593;0.8343232251350441;24.018658523871725
209;MGE39601SALB14042012CRYO;39.76116305202189;0.9873448385723332;0.9748498302554268;9.12495112186038
210;MGN39901DJIB14042012CRYO;5.270218779958983;0.9001414091417418;0.8102545564516805;25.823338933361395
211;MGE39901DJIB14042012CRYO;32.41434251724839;0.9844538887560391;0.9691494590868879;10.116091730675814
212;MGN40101STKB14042012CRYO;5.803722429870629;0.9097784295064933;0.8276967907953016;24.525249932448308
213;MGE40101STKB14042012CRYO;10.481676130534316;0.9511022086566043;0.9045954113114709;17.991526111873707
214;MGN40127YEMB14042012CRYO;3.815987012453467;0.8590370194417161;0.7379446007713072;30.791369174179877
215;MGE40127YEMB14042012CRYO;7.805338670629012;0.933746518670472;0.8718825611292261;20.97342917310458
216;MGN40424KOLB14042012CRYO;4.1481675593676215;0.8711657130045525;0.7589296995147303;29.405613278484047
217;MGE40424KOLB14042012CRYO;38.68572502708063;0.9869907151916096;0.974150671874445;9.25201418103786
218;MGN40451GRFB14042012CRYO;7.092105154153666;0.9268215268029009;0.8589981425452603;22.0553515753658
219;MGE40451GRFB14042012CRYO;15.714027635398812;0.9676583029321995;0.9363625912336242;14.61155780245851
220;MGN41507RIRB14042012CRYO;4.063594962518745;0.8682813378317067;0.7539124816268183;29.74047003208545
221;MGE41507RIRB14042012CRYO;7.5087138816623815;0.9310324378564827;0.8668214003409853;21.403670695593753
222;MGN41609CADB14042012CRYO;4.336410687107341;0.8771513755766374;0.7693945356759871;28.69937816209344
223;MGE41609CADB14042012CRYO;28.461650096925244;0.9822754209872718;0.9648650026757222;10.803616593987883
224;MGN41703EASB14042012CRYO;3.5921555150835953;0.8494796148720505;0.7216156160831672;31.84488553437645
225;MGE41703EASB14042012CRYO;13.406888272331935;0.9619830957827724;0.9254114765718068;15.849354287214036
226;MGN42202ARFB14042012CRYO;4.011401358118487;0.8664355484087908;0.7507105595464421;29.952967447498946
227;MGE42202ARFB14042012CRYO;26.268082418183678;0.980780804205707;0.9619309858983933;11.251314531822443
228;MGN43001THUB14042012CRYO;4.037414575570841;0.8673619434831374;0.7523167410028453;29.84648744723526
229;MGE43001THUB14042012CRYO;5.427889547888294;0.9031978366708896;0.815766332166975;25.418354766076916
230;MGN49804COBB14042012CRYO;4.050630361548545;0.8678276583480681;0.7531248445938912;29.792827647689865
231;MGE49804COBB14042012CRYO;8.364048601176117;0.9383180034511985;0.8804406756006434;20.229021206538967
232;MGN49914MIAB14042012CRYO;6.394278055553519;0.9184825415233745;0.8436101790832373;23.294761549182777
233;MGE49914MIAB14042012CRYO;40.19202037583103;0.9874813615279531;0.9751194393651;9.07549427319844
234;MGN50107YASB14042012CRYO;10.3471692426165;0.9504500038716333;0.9033552098595877;18.11211776845663
235;MGE50107YASB14042012CRYO;28.600514395470483;0.9823622518703193;0.9650355938997247;10.777042712081133
236;MGN50119MSPB14042012CRYO;4.030300640730402;0.8671098846957863;0.7518795521371398;29.875493232067303
237;MGE50119MSPB14042012CRYO;21.61175082156233;0.9765904341627402;0.9537288760981694;12.421818804940804
238;MGN50207CHAB14042012CRYO;4.074364139881685;0.868655817436858;0.754562929166896;29.69718943431444
239;MGE50207CHAB14042012CRYO;15.121926939174923;0.9663699403244405;0.9338708615626626;14.901367864553121
240;MGN50305BETB14042012CRYO;4.401183495180422;0.8790838340217201;0.7727883872383271;28.467956401749365
241;MGE50305BETB14042012CRYO;21.657275905900587;0.9766402311930636;0.9538261411848409;12.408547932960095
242;MGN66007ROVB14042012CRYO;4.4531426195182515;0.8805904184135079;0.7754394850016769;28.2863325493844
243;MGE66007ROVB14042012CRYO;6.9559144567024545;0.9253309948242175;0.856237449982376;22.281680788161502
244;MGN66018BEMB14042012CRYO;4.320590138755402;0.8766699127969417;0.7685501360033975;28.756770445341616
245;MGE66018BEMB14042012CRYO;5.1136454929079544;0.8969084644294533;0.8044447935651999;26.245371939406155
246;MGN91201KETB14042012CRYO;3.7060055261241507;0.8544985070970481;0.730167698631084;31.295623904222523
247;MGE91201KETB14042012CRYO;13.918752148069666;0.9634077428492519;0.9281544789818902;15.547677470072184
248;MGN91301CRQB14042012CRYO;10.085111257225734;0.9491279838777279;0.9008439297798004;18.354207651280998
249;MGE91301CRQB14042012CRYO;85.362091693214;0.9941253432184451;0.9882851980291915;6.213577504543285
250;MGN91401AMVB14042012CRYO;3.5515117423785414;0.8476023618699234;0.7184297638474726;32.04816116796596
251;MGE91401AMVB14042012CRYO;8.26862815915825;0.9375825052532168;0.8790609541568984;20.350545973890217
252;MGN92201PAUB14042012CRYO;8.044405786345578;0.9357831000585013;0.8756900103550991;20.64496932214682
253;MGE92201PAUB14042012CRYO;34.164017597601045;0.9852560265541378;0.970729437861248;9.850991644421459
254;MGN92301RIMB14042012CRYO;3.259177868081645;0.8325708114250117;0.6931741560369024;33.63626466880968
255;MGE92301RIMB14042012CRYO;6.138660754819963;0.9149306086347272;0.8370980186167124;23.804125520732075
256;MGN92701NOXB14042012CRYO;11.267147649741226;0.9545922650604731;0.9112463925132847;17.332442362367562
257;MGE92701NOXB14042012CRYO;44.30050643148476;0.9886490249939427;0.9774268946214735;8.641037243851734
258;MGN92902FUUB14042012CRYO;3.8173103836398585;0.859089895865138;0.7380354491775736;30.7854504814722
259;MGE92902FUUB14042012CRYO;9.700739823895296;0.9470560061758789;0.8969150788338065;18.727549839371125
260;MGN97205LAOB14042012CRYO;3.466801648031167;0.8435340496438029;0.7115496929084736;32.484790049537445
261;MGE97205LAOB14042012CRYO;6.487067169481168;0.9196994799391538;0.8458471334003499;23.117812574978096
262;MGN97301KRWB14042012CRYO;10.328161601807691;0.9503564319075513;0.9031773476680521;18.129355474604825
263;MGE97301KRWB14042012CRYO;79.40705545143508;0.9936833804591314;0.9874066606006868;6.443307547314657
264;MGN97401REUB14042012CRYO;3.884388467208924;0.8617187587500142;0.7425592191816652;30.489883770719594
265;MGE97401REUB14042012CRYO;33.40537057853511;0.9849186228871816;0.9700646937099822;9.96335165080917
266;MFO41703EASB14042000CRYO;6.869347512513898;0.9243515382809203;0.8544257663223037;22.42922523409007
267;MZB41703EASB14042000CRYO;2.8168882308658985;0.803117886295098;0.6449983392871059;36.571121413140744
268;MFO66007ROVB14042000CRYO;2.5556038591610086;0.7801942375065036;0.6087030482383546;38.721636953891675
269;MZB66007ROVB14042000CRYO;1.2705979984075149;0.4614856557418041;0.21296901045544292;62.5169842259421
270;MFO66018BEMB14042000CRYO;3.5024816249646133;0.8452740102355225;0.7144881523796421;32.298694299619854
271;MZB66018BEMB14042000CRYO;1.3390958556871362;0.5032171201855037;0.25322747004779167;59.78692781192023
272;MFO91201KETB14042000CRYO;4.502643637048261;0.8819910720101789;0.7779082511056645;28.116514072300046
273;MZB91201KETB14042000CRYO;2.0694698388260737;0.7188772169719568;0.5167844530813459;44.038140970710984
274;MFO91301CRQB14042000CRYO;5.005163465261426;0.8945425230471192;0.8002063255395059;26.55027133872778
275;MZB91301CRQB14042000CRYO;68.94046383204937;0.9927208724543131;0.9854947306064524;6.917371297272547
276;MFO91401AMVB14042000CRYO;6.954449484469764;0.9253146308367295;0.8562071660405131;22.284153457353565
277;MZB91401AMVB14042000CRYO;8.552241515705518;0.9397188889645779;0.8830715902768206;19.995599046921754
278;MFO97401REUB14042000CRYO;7.239311785118727;0.92836701919479;0.8618653223286197;21.818322693164326
279;MZB97401REUB14042000CRYO;24.014581010201944;0.9789579317912591;0.9583586322170194;11.77460467986435
280;MFO22901MALB14042000CRYO;7.659976996676494;0.9324437275698476;0.8694513050843522;21.18099074390768
281;MZB22901MALB14042000CRYO;27.6265953632662;0.9817346868578926;0.9638029953799644;10.967672149986848
282;MFO12334KIUB14042000CRYO;10.317169500827074;0.9503021577605576;0.9030741910443717;18.13934653352206
283;MZB12334KIUB14042000CRYO;24.99412108923945;0.9797910958619296;0.959990591530321;11.538334409135304
284;MFO10503MEUB14042001CRYO;3.488809029517654;0.8446118844218135;0.7133692353065667;32.36962367817056
285;MZB10503MEUB14042001CRYO;2.234847011911695;0.7433317415341687;0.5525420779722201;41.983992417938644
286;MFO10317SPJB14042001CRYO;3.6508894456833105;0.8521115793522454;0.726094143666178;31.557915445835736
287;MZB10317SPJB14042001CRYO;1.7287146582457167;0.6492576799342367;0.42153553495358764;49.51434252280645
288;MFO43001THUB14042001CRYO;5.193103820049163;0.8985749455533788;0.8074369327762576;26.028622146009162
289;MZB43001THUB14042001CRYO;1.7305795826967212;0.6497375667196722;0.42215890560680047;49.478181549138064
290;MFO40127YEMB14042001CRYO;4.278375504634445;0.8753664520884414;0.7662664254419056;28.911625182819584
291;MZB40127YEMB14042001CRYO;1.9225574274793962;0.6927189115604511;0.47985949043349607;46.15427848680587
292;MFO92301RIMB14042001CRYO;7.747931076149982;0.9332380653159302;0.8709332865546205;21.054668686252214
293;MZB92301RIMB14042001CRYO;4.6565255236244045;0.8861419789412557;0.7852476068419249;27.607617133897275
294;MFO92201PAUB14042001CRYO23485.071110;1.9940005081266718;0.7060422184661814;0.4984956142566471;45.086195083903895
295;MZB92201PAUB14042001CRYO23485.071110;1.574788238066456;0.604147322461511;0.36499398723741294;52.83249122059719
296;MFO66018BEMB14042001CRYO;2.8791982722616245;0.8078868063927792;0.652681091943524;36.11002246143374
297;MZB66018BEMB14042001CRYO;1.2099420424894165;0.4165502746998212;0.1735141313524965;65.38301733265445
298;MFO91201KETB14042002CRYO;2.920838027847806;0.8109454387452227;0.6576325046216818;35.81159355174214
299;MZB91201KETB14042002CRYO;3.1388783252288395;0.8254785624307251;0.6814148570326966;34.36295975619895
300;MFO91301CRQB14042002CRYO;10.077186438629637;0.9490869044895106;0.9007659522734813;18.361680764937347
301;MZB91301CRQB14042002CRYO;3.215286545670852;0.8300516425675156;0.6889857293290308;33.89595669163807
302;MFO30302HBMB14042002CRYO;4.7703193476591;0.889027799712125;0.7903704286609823;27.248666259051383
303;MZB30302HBMB14042002CRYO;12.73638283156603;0.9599399836189818;0.921484772150411;16.27248121814263
304;MFO97401REUB14042002CRYO;4.898871293669874;0.8921162181424696;0.7958713466728223;26.859613613044488
305;MZB97401REUB14042002CRYO;19.80607488655724;0.974428263301396;0.9495104403205746;12.985168329751344
306;MFO39901DJIB14042002CRYO;11.024476475707326;0.9535684269638715;0.9092927449023523;17.52827724462786
307;MZB39901DJIB14042002CRYO;12.087416116175657;0.9577417881669679;0.9172693328012612;16.716084289206997
308;MFO12602DIOB14042002CRYO;14.961997156497782;0.9660041422291535;0.9331640028038828;14.98265309492988
309;MZB12602DIOB14042002CRYO;6.826845241938929;0.9238611674431441;0.8535194567094091;22.502749478701993
310;MFO10503MEUB14042002CRYO;4.77341175186616;0.8891041755366909;0.7905062349567789;27.23910703533463
311;MZB10503MEUB14042002CRYO;2.2224644827556395;0.7416529191006118;0.5500490524104586;42.127590092511994
312;MFO10317SPJB14042002CRYO;2.6804043959604744;0.7917840405591378;0.6269219668841544;37.64745320013804
313;MZB10317SPJB14042002CRYO;1.5756493270132415;0.6044344601765717;0.3653410166489436;52.81184296838068
314;MFO43001THUB14042002CRYO;4.969250138117292;0.8937350805936418;0.7987623942837235;26.6535856944912
315;MZB43001THUB14042002CRYO;1.3981708554194305;0.5336476625867871;0.2847798277843413;57.74775437463708
316;MFO40127YEMB14042002CRYO;4.484858511531399;0.8814916480160049;0.7770275255219723;28.17717315848733
317;MZB40127YEMB14042002CRYO;2.027449150610433;0.7118773635791302;0.5067693807763731;44.612131201714725
318;MFO49804COBB14042002CRYO;4.584485411567752;0.884235834361354;0.7818730107687198;27.842370976497545
319;MZB49804COBB14042002CRYO;4.208949353905123;0.8731615063473274;0.7624110161667339;29.171868334487606
320;MFO40424KOLB14042003CRYO;6.976834708249361;0.9255638964279586;0.8566685263709047;22.246460075280172
321;MZB40424KOLB14042003CRYO;24.26006824336322;0.979173120819555;0.9587800005355068;11.714031123768546
322;MFO92201PAUB14042003CRYO;14.042172807573754;0.9637354148030289;0.9287859497455663;15.477480325801743
323;MZB92201PAUB14042003CRYO;13.84761835653087;0.9632161833816628;0.9277854159283372;15.588572424238803
324;MFO50207CHAB14042003CRYO;9.458277325599154;0.9456598234489704;0.8942725016855378;18.97512652656607
325;MZB50207CHAB14042003CRYO;8.30479876253287;0.9378633644465901;0.8795876903710775;20.304222444779747
326;MFO66018BEMB14042003CRYO;3.174702738901694;0.827653235937424;0.6850098789576893;34.141582095039276
327;MZB66018BEMB14042003CRYO;1.2667518728813643;0.45888933152106814;0.21057941858385276;62.68453870948141
328;MFO30302HBMB14042003CRYO;7.627792807206914;0.9321483126692987;0.8689004768122206;21.22778702630057
329;MZB30302HBMB14042003CRYO;13.213108780639605;0.9614143662599781;0.9243175836510753;15.968234239762815
330;MFO32809LICB14042004CRYO;6.239956334682922;0.9163746331702767;0.8397424683179591;23.598296362284344
331;MZB32809LICB14042004CRYO;6.33722392625278;0.9177157506554783;0.8422021990011479;23.40560779311305
332;MFO10002GR4B14042004CRYO;4.749666707915828;0.8885150033767719;0.789458911225625;27.312768009898974
333;MZB10002GR4B14042004CRYO;2.7244386586827534;0.7955827500638948;0.6329519121992297;37.28966744964609
334;MFO10003TLSB14042004CRYO;8.062525255530636;0.9359323590784333;0.8759693807701214;20.620700181011777
335;MZB10003TLSB14042004CRYO;4.0119526331792725;0.8664553156116688;0.7507448139517165;29.95069898904228
336;MFO12602DIOB14042004CRYO;10.187351621807466;0.9496520737143261;0.90183906110992;18.2586066620699
337;MZB12602DIOB14042004CRYO;6.396312516076531;0.9185096197844808;0.8436599216366314;23.29083804878811
338;MFO10503MEUB14042004CRYO;4.263142376290848;0.8748892757971332;0.765431244904832;28.968125835671827
339;MZB10503MEUB14042004CRYO;3.181954688084124;0.8280868122436846;0.6857277686119074;34.09729396478713
340;MFO10202REZB14042004CRYO;4.0941591088308265;0.8693385991654338;0.7557495999989187;29.618128803581783
341;MZB10202REZB14042004CRYO;2.216718220299316;0.7408661634952562;0.5488826722121798;42.194748233761004
342;MFO10317SPJB14042004CRYO;2.44420729313872;0.7686802966860212;0.5908693985133096;39.764471889926206
343;MZB10317SPJB14042004CRYO;1.68946650214136;0.6388248369105352;0.40809717225377184;50.295753739171566
344;MFO43001THUB14042004CRYO;4.4554609132805005;0.8806567604675518;0.775556329757203;28.27831020405993
345;MZB43001THUB14042004CRYO;1.3563278018500273;0.5125574169954692;0.26271510571706724;59.16567135113189
346;MFO49804COBB14042004CRYO;5.351164760988826;0.9017343273859387;0.8131247971861713;25.613018378010366
347;MZB49804COBB14042004CRYO;2.8417548146190708;0.8050495372117447;0.6481047573648442;36.38496032815768
348;MFO40424KOLB14042004CRYO;3.7846505686844405;0.8577731717187213;0.7357748141203948;30.93253332151298
349;MZB40424KOLB14042004CRYO;19.6052044732312;0.9741627871722267;0.9489931359111611;13.052689365693583
350;MFO50305BETB14042004CRYO;8.571378949227197;0.9398577860060141;0.8833326579161267;19.97231286869835
351;MZB50305BETB14042004CRYO;17.019756678016872;0.9701776916835777;0.9412447534404752;14.027927526322669
352;MFO92902FUUB14042004CRYO;6.315881087698626;0.9174251813340403;0.8416689633457968;23.44748285552215
353;MZB92902FUUB14042004CRYO;4.358045641547574;0.8778037062491565;0.7705393467047553;28.62144979540662
354;MFO92701NOXB14042004CRYO;25.86957517893577;0.980481796210468;0.9613445527001059;11.338784021840912
355;MZB92701NOXB14042004CRYO;17.359839609963114;0.9707707150276884;0.9423957811553695;13.887059102729609
356;MFO50207CHAB14042005CRYO;6.0919549338883865;0.9142478226107252;0.835849081148452;23.90086727074331
357;MZB50207CHAB14042005CRYO;4.390564121714049;0.878771207343661;0.7722388348562357;28.505511683408987
358;MFO66018BEMB14042005CRYO;3.21218863133468;0.8298709414465145;0.6886857794573243;33.91451714771623
359;MZB66018BEMB14042005CRYO;1.609103733364049;0.6152528150639658;0.3785360264441344;52.02970742169842
360;MFO30604TRJB14042005CRYO;7.364299043039595;0.9296288243723155;0.8642097511038536;21.6229707595293
361;MZB30604TRJB14042005CRYO;7.362967282319376;0.9296156142930374;0.8641851903374214;21.62502463509118
362;MFO30606HEMB14042005CRYO;8.532601699451646;0.9395756763965896;0.8828024516761088;20.019581524336594
363;MZB30606HEMB14042005CRYO;5.0038125006414695;0.894512372096086;0.8001523838329666;26.55413592912166
364;MFO30602ASEB14042005CRYO;8.66058908330916;0.9404968969976012;0.8845344132621166;19.86482811413392
365;MZB30602ASEB14042005CRYO;11.389797466741262;0.955092731755415;0.912202126252021;17.235930962055605
366;MFO39601SALB14042005CRYO;16.23748686506456;0.9687177684566788;0.9384141149236875;14.368954995750606
367;MZB39601SALB14042005CRYO;20.60692101278652;0.9754345772515154;0.9514726144978426;12.726026845063846
368;MFO31906PDMB14042005CRYO;14.004501877473734;0.9636360256603772;0.9285943899505271;15.498805224100304
369;MZB31906PDMB14042005CRYO;6.446302785249731;0.9191693637876053;0.844872319325711;23.195050898312214
370;MFO10002GR4B14042005CRYO;1.9058861411277679;0.6894270700116676;0.4753096848648728;46.415226408978086
371;MZB10002GR4B14042005CRYO;2.199272106971029;0.7384470898838399;0.5453041045579119;42.40070106459416
372;MFO10003TLSB14042005CRYO;5.458393581044805;0.9037676223954987;0.8167959152904127;25.34218937633162
373;MZB10003TLSB14042005CRYO;4.857792380326492;0.8911482340607931;0.7941451750696702;26.98211005232034
374;MFO10202REZB14042005CRYO;3.772358997601697;0.8572711838327502;0.734913882630005;30.988441506320513
375;MZB10202REZB14042005CRYO;1.7901192262871959;0.6643628452760877;0.4413779901833388;48.36653682839891
376;MFO10317SPJB14042006CRYO;2.774633152284123;0.7997449559999552;0.6395919946473703;36.8942456567253
377;MZB10317SPJB14042006CRYO;1.5300601658505733;0.5885838341001771;0.34643092976406475;53.94342295164382
378;MFO43001THUB14042006CRYO;3.777457728037913;0.8574798482276177;0.7352716901164583;30.96521284889372
379;MZB43001THUB14042006CRYO;1.5366804615152754;0.5909709153633657;0.3492466228054143;53.774062389459075
380;MFO50305BETB14042006CRYO;2.5728872136893384;0.7818769616636689;0.6113315831804105;38.56724905615378
381;MZB50305BETB14042006CRYO;7.93110743889331;0.9348337837917651;0.8739142033184286;20.798691849023434
382;MFO92701NOXB14042006CRYO;24.956741768420535;0.9797605150547313;0.9599306668603124;11.547090857369028
383;MZB92701NOXB14042006CRYO;18.73062720981019;0.9729396203502005;0.9466115048471923;13.359457290356138
384;MFO50119MSPB14042006CRYO;6.6607949271995635;0.9218827308277576;0.8498677693984439;22.79710495463726
385;MZB50119MSPB14042006CRYO;7.096537700430352;0.9268690378233675;0.859086213275615;22.0481010011014
386;MFO66018BEMB14042006CRYO;2.6958023336362547;0.7931285655263889;0.6290529214539473;37.52115040141176
387;MZB66018BEMB14042006CRYO;1.7687063803633107;0.6592533899410425;0.4346150321487563;48.75704310422349
388;MFO66007ROVB14042006CRYO;2.4869022600558264;0.7732356203214981;0.5978933245339719;39.35465945099884
389;MZB66007ROVB14042006CRYO;1.482803738290927;0.5706153836295426;0.32560191603469;55.20685051898304
390;MFO30604TRJB14042007CRYO;5.335057450785555;0.901421429696378;0.812560593915862;25.65445856461259
391;MZB30604TRJB14042007CRYO;18.466111293411387;0.9725465268184426;0.9458467468266156;13.456586000849118
392;MFO41609CADB14042007CRYO;6.689407817611393;0.9222309561140897;0.8505099364151081;22.745557041033845
393;MZB41609CADB14042007CRYO;19.60369746386639;0.9741607746276862;0.9489892148232136;13.05319992415132
394;MFO97301KRWB14042007CRYO;8.568881436874264;0.9398396957440673;0.8832986536963011;19.97534718740203
395;MZB97301KRWB14042007CRYO;15.568064145961003;0.9673499562433526;0.9357659378440163;14.681427878681776
396;MFO39601SALB14042007CRYO;5.44048947239111;0.9034340091593731;0.8161930089057783;25.386810596548816
397;MZB39601SALB14042007CRYO;14.433132764066483;0.9647357008696885;0.9307149725325291;15.261240923829407
398;MFO31906PDMB14042007CRYO;10.83438852985069;0.9527335922702749;0.9077012978402224;17.686405447553764
399;MZB31906PDMB14042007CRYO;7.080657972176749;0.9266985416992303;0.85877018718748;22.074109608573206
400;MFO40101STKB14042007CRYO;9.434891950009458;0.9455212556685301;0.8940104449209938;18.999528336883582
401;MZB40101STKB14042007CRYO;4.992973622996692;0.8942698414931978;0.799718549404269;26.58520327690635
402;MFO10202REZB14042007CRYO;3.8927203153049454;0.8620384195618236;0.7431102368006466;30.453767248983223
403;MZB10202REZB14042007CRYO;2.3458571695496793;0.757440814371292;0.5737165872754459;40.760897780624305
404;MFO43001THUB14042007CRYO;3.2094359308018805;0.8297100508122485;0.6884187684188638;33.93103527548053
405;MZB43001THUB14042007CRYO;1.7161545927596422;0.6459890958441749;0.41730191194957456;49.76012495499436
406;MFO10317SPJB14042007CRYO;2.9591471847360062;0.8136736437589458;0.6620647985479597;35.543574880900735
407;MZB10317SPJB14042007CRYO;1.3347422894240748;0.5007910753965915;0.25079170119687455;59.94764905760691
408;MFO21602JIVB14042008CRYO;1.6146323431875615;0.6169797086778064;0.38066396092015087;51.90408929726803
409;MZB21602JIVB14042008CRYO;1.8517037093806459;0.6782011487747457;0.45995679819938473;47.296766116499356
410;MFO22006MANB14042008CRYO;6.987403353294782;0.9256810029786243;0.8568853192755119;22.228730540129835
411;MZB22006MANB14042008CRYO;18.039054241006475;0.9718871957501621;0.944564721263114;13.617971964216649
412;MFO50107YASB14042008CRYO;20.95394424250803;0.9758464469443988;0.9522762880140074;12.618455084042017
413;MZB50107YASB14042008CRYO;11.71518029489712;0.9563684775999602;0.9146406649468657;16.98750808268397
414;MFO50119MSPB14042008CRYO;1.8790709015609908;0.6839752213172994;0.4678221033760487;46.844932684268926
415;MZB50119MSPB14042008CRYO;2.2832004110180817;0.7496787971437;0.562018298886825;41.437438033854264
416;MFO66018BEMB14042008CRYO;2.1235643535571627;0.7273882190031713;0.5290936211446056;43.3321162188664
417;MZB66018BEMB14042008CRYO;1.655386273177123;0.6292148962289875;0.39591138563645556;51.00777727239575
418;MFO66007ROVB14042008CRYO;4.050075780940352;0.8678081814268662;0.7530910397514047;29.795073542337185
419;MZB66007ROVB14042008CRYO;2.413947830346534;0.7653370761959469;0.5857408402001607;40.06301086843852
420;MFO41507RIRB14042008CRYO;5.154003449869302;0.8977617005019128;0.8059760708880863;26.134605117089013
421;MZB41507RIRB14042008CRYO;4.002714173676923;0.8661232711499938;0.7501695208275657;29.98878332425647
422;MFO41609CADB14042008CRYO;6.361540243368625;0.9180443150875764;0.8428053644646174;23.35817176805755
423;MZB41609CADB14042008CRYO;20.794673179685493;0.9756591420199295;0.9519107614070651;12.667486618202279
424;MFO42202ARFB14042008CRYO;5.846244265054873;0.9104669208417248;0.8289500139470115;24.430043523203132
425;MZB42202ARFB14042008CRYO;15.798908543236742;0.9678349489115066;0.9367044883345386;14.571382918877038
426;MFO97301KRWB14042008CRYO;27.969747161280946;0.9819608366648883;0.9642470847436075;10.89935642036055
427;MZB97301KRWB14042008CRYO;25.86616125129162;0.9804791944693517;0.9613394507872688;11.339542192602153
428;MFO97205LAOB14042009CRYO;5.460676762723439;0.9038099995895725;0.8168725153581031;25.336516116735986
429;MZB97205LAOB14042009CRYO;2.9687370046114294;0.8143441657185013;0.663156420239762;35.47743399298137
430;MFO49914MIAB14042009CRYO;7.972862312610707;0.935186895947411;0.8745745303517538;20.74163971224289
431;MZB49914MIAB14042009CRYO;11.860968314589787;0.9569168466990028;0.9156898514963628;16.87963559782636
432;MFO40451GRFB14042009CRYO;13.438574144140274;0.9620745000372191;0.925587343621865;15.830167190757994
433;MZB40451GRFB14042009CRYO;6.550903520464337;0.9205157799983608;0.8473493012259905;22.99839770741674
434;MFO40101STKB14042009CRYO;8.608413338826185;0.94012476529041;0.8838345743123486;19.927480325604826
435;MZB40101STKB14042009CRYO;5.566919156253674;0.9057413698763263;0.820367429105444;25.07668106274479
436;MFO43001THUB14042009CRYO;2.8416764624885014;0.8050435110802928;0.6480950547324855;36.38554236642878
437;MZB43001THUB14042009CRYO;1.6430163637305626;0.6255903892310302;0.39136333509823185;51.274466416141394
438;MFO10317SPJB14042009CRYO;3.2532920919686172;0.8322373785521271;0.6926190542593166;33.670738437978486
439;MZB10317SPJB14042009CRYO;1.2426759289540639;0.44191058818137374;0.19528496794680772;63.774152144621944
440;MFO12349KRBB14042009CRYO;5.466727800213865;0.9039221295959814;0.8170752163733341;25.32149895216342
441;MZB12349KRBB14042009CRYO;8.407969779254213;0.9386507466969721;0.8810652242747833;20.173812395090284
442;MFO12338BADB14042009CRYO;6.892501908330653;0.9246160298160259;0.85491480259275;22.38947338507832
443;MZB12338BADB14042009CRYO;3.636880967687208;0.8514922886416728;0.7250391176162339;31.625648223988424
444;MFO21602JIVB14042009CRYO;7.006077513162434;0.9258870235787521;0.8572667804315206;22.197507092098988
445;MZB21602JIVB14042009CRYO;4.862671894716278;0.8912641263393796;0.7943517428994976;26.967471248283044
446;MFO22006MANB14042009CRYO;8.082538424909364;0.9360964121952297;0.8762764929247814;20.59399400275583
447;MZB22006MANB14042009CRYO;21.111937161649216;0.9760294218618841;0.9526334323400438;12.570375370859914
448;MFO23101CIDB14042009CRYO;5.768804139619869;0.9092050637062492;0.8266538478690847;24.60427265006492
449;MZB23101CIDB14042009CRYO;2.348973036521699;0.7578139903154943;0.5742820439178922;40.72813874288077
450;MFO50107YASB14042009CRYO;24.06142797928254;0.9789993395645011;0.9584397068677294;11.762972702224587
451;MZB50107YASB14042009CRYO;11.68516496216136;0.9562538391992536;0.9144214049833119;17.00997526514628
452;MFO66018BEMB14042010CRYO;4.016774636504757;0.866627968882015;0.7510440364485667;29.930878893973702
453;MZB66018BEMB14042010CRYO;1.6117806446257898;0.6160910478547518;0.379568179246766;51.9687593886189
454;MFO66007ROVB14042010CRYO;4.152528039623931;0.8713109905453061;0.7591828422450426;29.388655720532796
455;MZB66007ROVB14042010CRYO;1.871524321925639;0.682404713723652;0.4656761933122594;46.96815715076705
456;MFO41507RIRB14042010CRYO;6.1518779763775395;0.9151218559220392;0.8374480111861975;23.776961867247362
457;MZB41507RIRB14042010CRYO;3.4901506759662952;0.8446771092221942;0.7134794188439625;32.362642708807236
458;MFO42202ARFB14042010CRYO;8.012959201860077;0.9355223995447419;0.8752021600499518;20.68729325500846
459;MZB42202ARFB14042010CRYO;18.57773622680861;0.9727137957347305;0.946172128412667;13.415340230044082
460;MFO49914MIAB14042010CRYO;13.626073867897588;0.9626065077648639;0.926611288791267;15.71803796805665
461;MZB49914MIAB14042010CRYO;14.960613804306265;0.9660009434407189;0.9331578227283589;14.983362007854703
462;MFO40451GRFB14042010CRYO;13.114358936132646;0.9611179440801636;0.9237477024328804;16.029854076392752
463;MZB40451GRFB14042010CRYO;7.360284744239929;0.9295889904206736;0.8641356911113272;21.629163494980283
464;MFO40127YEMB14042010CRYO;7.23997126207201;0.9283737958316696;0.8618779047869025;21.817277984063132
465;MZB40127YEMB14042010CRYO;3.2853165119855077;0.834035565564486;0.695615324626472;33.484452156940705
466;MFO43001THUB14042010CRYO;4.2699927031437;0.8751043151109833;0.7658075623258631;28.942676309647545
467;MZB43001THUB14042010CRYO;1.59192305407203;0.6097777752365366;0.3718289351724202;52.426563597980646
468;MFO10317SPJB14042011CRYO;3.308540427854276;0.8353154599061593;0.6977519175582385;33.35129966514874
469;MZB10317SPJB14042011CRYO;1.2213213334258592;0.42569315551405085;0.18121466265150987;64.80545421541865
470;MFO12349KRBB14042011CRYO;6.700769594202083;0.9223683703860609;0.8507634106886377;22.72518509487869
471;MZB12349KRBB14042011CRYO;3.7700582889246292;0.8571768263753088;0.7347521116748463;30.998940293353257
472;MFO12338BADB14042011CRYO;6.75387815072628;0.9230042904230524;0.8519369201393625;22.63068251300581
473;MZB12338BADB14042011CRYO;3.775911469814401;0.8574166328557722;0.73516328229773;30.97225168220308
474;MFO12334KIUB14042011CRYO;5.022802445912297;0.8949346105207481;0.8009079571079231;26.499968036597604
475;MZB12334KIUB14042011CRYO;23.647370089740924;0.978627610188359;0.9577119994229787;11.866993784565588
476;MFO21501EVEB14042011CRYO;8.52917755583953;0.9395506379507562;0.882755401273673;20.02377165103801
477;MZB21501EVEB14042011CRYO;9.668975227182653;0.9468771955250485;0.8965764234053809;18.759433060056686
478;MFO22901MALB14042011CRYO;8.239615295423668;0.9373553811025943;0.8786351104819898;20.387932995139263
479;MZB22901MALB14042011CRYO;59.02168151879984;0.9914923467688858;0.9830570737012724;7.479126930141349
480;MFO91401AMVB14042011CRYO;4.646592762478153;0.8858829170250868;0.7847885426768768;27.639630053399056
481;MZB91401AMVB14042011CRYO;1.7350140017711881;0.6508730869265528;0.42363577528529994;49.39253872706772
482;MFO91201KETB14042011CRYO;5.077029634453465;0.8961218873917755;0.8030344370625978;26.347101732293666
483;MZB91201KETB14042011CRYO;3.5789903331397803;0.848876663331948;0.7205915895495814;31.910301495250078
484;MFO66018BEMB14042011CRYO;3.9820944035845827;0.865376142588459;0.7488758681612809;30.074316394507598
485;MZB66018BEMB14042011CRYO;1.4232753261127724;0.5453395761279805;0.29739525329144534;56.95212787034148
486;MFO66007ROVB14042011CRYO;4.835730138429255;0.8906211290450465;0.7932059955014734;27.048598271782197
487;MZB66007ROVB14042011CRYO;1.5960474780080298;0.6111073740200725;0.37345222258170885;52.33038354360269
488;MFO41703EASB14042012CRYO;5.768547306496341;0.9092008193878813;0.8266461299755947;24.604856725106544
489;MZB41703EASB14042012CRYO;2.4683429719182515;0.7712781043169917;0.5948699141988123;39.53119936229647
490;MFO40127YEMB14042012CRYO;4.135390473526325;0.8707381158317702;0.7581848663622612;29.455473075294282
491;MZB40127YEMB14042012CRYO;1.83392958708692;0.6743313686016895;0.4547227946802276;47.59775136060602
492;MFO43001THUB14042012CRYO;3.832695010725588;0.8597016853677144;0.7390869878240887;30.716895374058257
493;MZB43001THUB14042012CRYO;1.3324886947449721;0.49952436340141604;0.24952458963158997;60.03146287813531
494;MFO10317SPJB14042012CRYO;3.266312296426532;0.8329731922723322;0.6938443390443598;33.59462077874497
495;MZB10317SPJB14042012CRYO;1.3680714218728394;0.5186945251432217;0.2690440104135522;58.755276501260795
496;MFO12349KRBB14042012CRYO;4.48870469999315;0.8816000122306444;0.7772185815650724;28.164021638364964
497;MZB12349KRBB14042012CRYO;2.5361845182279485;0.7782717533270944;0.6057069220268296;38.897390004682904
498;MFO12334KIUB14042012CRYO;10.78643555370049;0.9525182244447158;0.907290967899314;17.72697719936805
499;MZB12334KIUB14042012CRYO;15.239441669413647;0.9666337455745576;0.9343807980834986;14.842476819232132
500;MFO39901DJIB14042013CRYO;4.807744410807113;0.889945084915204;0.7920022541647296;27.13365290942089
501;MZB39901DJIB14042013CRYO;14.174904907858966;0.9640813189377997;0.9294527895248474;15.403038718718996
502;MFO22901MALB14042013CRYO;2.447146526219953;0.768999869630798;0.5913607994921843;39.735837224651554
503;MZB22901MALB14042013CRYO;16.53243183708361;0.9692847006478096;0.9395128309099139;14.237473980232204
504;MFO97401REUB14042013CRYO;6.2923355522204245;0.9171022289107286;0.8410764982730264;23.493942129814197
505;MZB97401REUB14042013CRYO;2.2724247414779564;0.748292337360617;0.5599414221526154;41.557329378903354
506;MFO91301CRQB14042013CRYO;6.0008869457552825;0.912884421530984;0.8333579670739593;24.092948891750904
507;MZB91301CRQB14042013CRYO;2.4378075711041935;0.767981347822902;0.5897953506038811;39.82703988851213
508;MFO91201KETB14042013CRYO;3.334973034406012;0.8367481703233676;0.7001475005395033;33.201689143214125
509;MZB91201KETB14042013CRYO;6.259116389787574;0.9166422637330766;0.8402330396616992;23.559962565120916
510;MFO66018BEMB14042013CRYO;4.316403473896706;0.8765418660015537;0.7683256428534858;28.77201650471969
511;MZB66018BEMB14042013CRYO;1.4112274121520758;0.5398119898292341;0.2913969843633971;57.32915890268321
512;MFO66007ROVB14042013CRYO;1.6495650462147111;0.6275185966760651;0.3937795891742981;51.132714549972384
513;MZB66007ROVB14042013CRYO;1.0223775229012793;0.14794502265379939;0.02188772972803321;81.49214365722968
514;MFO92301RIMB14042013CRYO;6.550189777585922;0.9205067450099553;0.847332667608823;22.999722625425925
515;MZB92301RIMB14042013CRYO;3.795702147714666;0.8582214941684183;0.7365441330526725;30.882524979685616
516;MFO92201PAUB14042013CRYO;4.082065081359561;0.8689222944308301;0.7550259537589383;29.66635633119075
517;MZB92201PAUB14042013CRYO;11.87812745349723;0.9569804835566998;0.9158116459084151;16.867073899466664
518;MFO49804COBB14042014CRYO;5.226500355487812;0.8992593514851037;0.8086673812334093;25.93911756814209
519;MZB49804COBB14042014CRYO;4.26220428404917;0.8748597701135644;0.7653796173631588;28.971616188549632
520;MFO40127YEMB14042014CRYO;3.1319067792638515;0.8250489043034182;0.6807056944922709;34.40655021123324
521;MZB40127YEMB14042014CRYO;2.140786082735304;0.7299875794297306;0.5328818661216772;43.11464719591195
522;MFO43001THUB14042014CRYO;2.6182713050524686;0.7861733966457717;0.6180686095935499;38.17066628627175
523;MZB43001THUB14042014CRYO;1.1242490876865978;0.3324415759052302;0.11051740139035293;70.58296361922132
524;MFO10317SPJB14042014CRYO;2.856198041508179;0.8061539690397751;0.6498842217985827;36.27815207751122
525;MZB10317SPJB14042014CRYO;1.5733216683111084;0.6036572431480277;0.36440206720507706;52.86772010573712
526;MFO10503MEUB14042014CRYO;4.468876216190447;0.8810392138955938;0.7762300964217659;28.232021631857094
527;MZB10503MEUB14042014CRYO;2.8904557950602094;0.8087235638082622;0.6540338026587362;36.028593030695575
528;MFO12602DIOB14042014CRYO;13.465966881069912;0.9621531662492513;0.9257387153234594;15.813635834131205
529;MZB12602DIOB14042014CRYO;6.262141824848482;0.9166843666380484;0.8403102280385999;23.55392664237779
530;MFO39901DJIB14042014CRYO;14.03290022122409;0.9637110009220741;0.9287388932982259;15.482721213893972
531;MZB39901DJIB14042014CRYO;17.91118694226757;0.9716835754842741;0.9441689708659029;13.667434622343091
532;MFO30302HBMB14042014CRYO;6.372042541910085;0.9181854116392911;0.8430644501472145;23.33777322134563
533;MZB30302HBMB14042014CRYO;2.5699460105456873;0.7815924560222267;0.6108867673108564;38.59338870064045
534;MFO91301CRQB14042014CRYO;4.833646794625327;0.8905710895190603;0.7931168654871661;27.054902327729604
535;MZB91301CRQB14042014CRYO;12.183840815895742;0.958083543023158;0.9179240754118075;16.64787149482264
536;MFO66018BEMB14042015CRYO;3.9013111689169118;0.8623664644554214;0.7436759190173436;30.416663159277046
537;MZB66018BEMB14042015CRYO;1.5224261924185603;0.5857932293586325;0.3431537075624155;54.14095218559944
538;MFO50207CHAB14042015CRYO;3.1275738612743145;0.8247807869324679;0.6802633464929411;34.433727219777225
539;MZB50207CHAB14042015CRYO;4.424468920517769;0.8797637032045194;0.7739841734761297;28.38612778823291
540;MFO92201PAUB14042015CRYO;17.527372628972092;0.9710542638208629;0.942946383284678;13.81920677282591
541;MZB92201PAUB14042015CRYO;19.375164263644905;0.9738519057593188;0.948387534351057;13.131325041393893
542;MFO40424KOLB14042015CRYO;6.840929198864086;0.9240243653067598;0.8538210276805603;22.47830556027282
543;MZB40424KOLB14042015CRYO;5.354105358986706;0.9017912360143718;0.8132274333523284;25.605474675465953
544;MFO49804COBB14042015CRYO;4.7065894106663535;0.8874299540126743;0.7875319232789373;27.447948234402556
545;MZB49804COBB14042015CRYO;2.0253890726931263;0.7115249135447622;0.5062677025948814;44.64087768845447
546;MFO43001THUB14042015CRYO;2.3452308648466937;0.7573656622312027;0.5736027463269082;40.76749233988263
547;MZB43001THUB14042015CRYO;1.0987225951881099;0.2997534938243527;0.08985215705990623;72.55720200199455
548;MFO10317SPJB14042016CRYO;2.5146828765049833;0.7761027916736225;0.6023355432435903;39.09487727656355
549;MZB10317SPJB14042016CRYO;1.6305596315183353;0.6218630303016902;0.3867136284560009;51.547689181500026
550;MFO10503MEUB14042016CRYO;5.0739181191883045;0.8960544907845772;0.8029136504552079;26.35580132557161
551;MZB10503MEUB14042016CRYO;2.5739366030133164;0.7819782878027695;0.611490042594951;38.55793585951846
552;MFO10202REZB14042016CRYO;1.9968642603984847;0.706551366895329;0.4992148340616579;45.044986712973554
553;MZB10202REZB14042016CRYO;1.4818929279661572;0.5702520611580251;0.325187413254976;55.232195385277436
554;MFO10002GR4B14042016CRYO;4.901175369328818;0.8921700000179746;0.7959673089320729;26.85279246241686
555;MZB10002GR4B14042016CRYO;3.3783392612409164;0.8390450361412075;0.7039965726732003;32.9605852364735
556;MFO10003TLSB14042016CRYO;8.021896896220019;0.9355967107076054;0.8753412050868906;20.675237506680215
557;MZB10003TLSB14042016CRYO;4.559501428314076;0.8835597176161493;0.7806777745939295;27.925202534731042
558;MFO12602DIOB14042016CRYO;13.44040920393724;0.9620797801675972;0.9255975034073323;15.829058121418475
559;MZB12602DIOB14042016CRYO;8.649321593800643;0.9404169266864552;0.8843839959983977;19.878307923884005
560;MFO32809LICB14042016CRYO;6.156503729801089;0.9151885851134418;0.8375701463219435;23.7674771595568
561;MZB32809LICB14042016CRYO;4.122264045059897;0.8702958463179852;0.7574148601183381;29.50696303503452
562;MFO30606HEMB14042016CRYO;8.738285863619096;0.9410425493267505;0.8855610796433896;19.772617505248764
563;MZB30606HEMB14042016CRYO;16.560974890788525;0.9693384761400713;0.9396170813255555;14.22494076075961
564;MFO30604TRJB14042016CRYO;4.8092598048957225;0.8899819066112867;0.792067794095461;27.129026635724404
565;MZB30604TRJB14042016CRYO;32.840043861446155;0.9846569812657805;0.9695493707554396;10.049625750132432
566;MFO66018BEMB14042016CRYO;3.2521627667511743;0.8321732482604722;0.6925123151203856;33.67736532670065
567;MZB66018BEMB14042016CRYO;1.6776304573570087;0.6355479290466445;0.4039211701154787;50.539364803820554
568;MFO50207CHAB14042017CRYO;5.563102964811586;0.9056733430437998;0.8202442043001322;25.085875727052624
569;MZB50207CHAB14042017CRYO;3.524201743015651;0.8463142438732225;0.7162477993827043;32.18697916164979
570;MFO92701NOXB14042017CRYO;30.010277992398887;0.9831978858536438;0.9666780827470747;10.517912809074872
571;MZB92701NOXB14042017CRYO;17.132786672098195;0.9703774414888461;0.9416323789504388;13.98063378013566
572;MFO92902FUUB14042017CRYO;9.107830315876692;0.9435064209785617;0.890204366427775;19.350993078053577
573;MZB92902FUUB14042017CRYO;8.61651764977944;0.9401828728039566;0.8839438343139009;19.91770978407842
574;MFO50305BETB14042017CRYO;7.195706124793447;0.9279160696429953;0.8610282323017041;21.8877359974159
575;MZB50305BETB14042017CRYO;3.2142819493674164;0.8299930870082927;0.6888885244815552;33.90197212163014
576;MFO49804COBB14042017CRYO;1.9865560631265509;0.7047100612723372;0.49661627045846113;45.19387490162647
577;MZB49804COBB14042017CRYO;1.7669172053517055;0.6588190381602482;0.4340425250423946;48.790131994210896
578;MFO10317SPJB14042017CRYO;2.658636346060362;0.7898527237794108;0.6238673252617544;37.8282495666614
579;MZB10317SPJB14042017CRYO;1.6967868010372429;0.6408203857994018;0.41065076685609425;50.14697916279287
580;MFO43001THUB14042017CRYO;2.7187384771083924;0.7950989555537118;0.6321823491226033;37.3353967548276
581;MZB43001THUB14042017CRYO;1.2203427910757727;0.42492130164911435;0.18055811259517762;64.8543178341061
582;MFO10202REZB14042017CRYO;3.65020225148467;0.8520813210106074;0.7260425776151819;31.56122787543334
583;MZB10202REZB14042017CRYO;2.143510180580235;0.7303940765846076;0.5334755071098817;43.08055893747791
584;MFO10503MEUB14042017CRYO;2.421421949790032;0.7661719908944306;0.5870195196311354;39.988629504600304
585;MZB10503MEUB14042017CRYO;1.6870657193740175;0.6381652321836881;0.4072548635680606;50.344858854357305
586;MFO10002GR4B14042017CRYO;6.384943211709859;0.9183580651206562;0.8433815357721554;23.312789516747557
587;MZB10002GR4B14042017CRYO;8.467687839742926;0.9390974430028486;0.8819040074544884;20.099467997290535
588;MFO10003TLSB14042017CRYO;9.016054962216296;0.9429139649755232;0.8890867453458621;19.453177595862105
589;MZB10003TLSB14042017CRYO;7.181120159153573;0.9277639565906948;0.8607459591488206;21.91110313170817
590;MFO31906PDMB14042017CRYO;12.846211699203673;0.9602895600783294;0.9221560391954315;16.200847243399423
591;MZB31906PDMB14042017CRYO;7.014334229438256;0.9259777506092667;0.8574347946233972;22.183743726171016
592;MFO39601SALB14042017CRYO;13.143692192213404;0.9612064697346233;0.9239178774596973;16.011475671357662
593;MZB39601SALB14042017CRYO;16.820701344598067;0.9698192856449178;0.9405494468088188;14.112396137849991
594;MFO30602ASEB14042018CRYO;8.637586128902104;0.9403334058730054;0.8842269142007263;19.892376849377435
595;MZB30602ASEB14042018CRYO;13.01515658527633;0.9608155403476386;0.9231665025735248;16.092480566129815
596;MFO30606HEMB14042018CRYO;4.96516374016668;0.8936424189631922;0.7985967729703854;26.66541825319435
597;MZB30606HEMB14042018CRYO;10.684934297036948;0.9520558181375792;0.9064102808496154;17.813784757044957
598;MFO30604TRJB14042018CRYO;8.222735663052303;0.9372224776582656;0.8783859726278982;20.409779885160898
599;MZB30604TRJB14042018CRYO;27.794017592116845;0.9818457284634449;0.9640210345019128;10.934181195043871
600;MFO66018BEMB14042018CRYO;2.8304775132860893;0.804178290127494;0.6467027223123798;36.46902727132874
601;MZB66018BEMB14042018CRYO;1.6640665781626607;0.6317139428550764;0.3990625055975068;50.82331236547032
602;MFO66007ROVB14042018CRYO;3.4243476005696225;0.8414116539620576;0.7079735714231654;32.71051162504239
603;MZB66007ROVB14042018CRYO;1.5825599300685653;0.6067226693596576;0.36811239751490843;52.64709398974699
604;MFO50119MSPB14042018CRYO;7.185193106690464;0.9278064969084167;0.8608248957054677;21.904570607672433
605;MZB50119MSPB14042018CRYO;6.328911128929937;0.917602821083495;0.8419949372603885;23.421890901017406
606;MFO92701NOXB14042018CRYO;19.044472355397833;0.973391660893253;0.9474913254965257;13.246899269141945
607;MZB92701NOXB14042018CRYO;16.835872204404687;0.9698469043605785;0.9406030178977971;14.105904623373362
608;MFO10317SPJB14042019CRYO;3.436802997894249;0.8420403263293922;0.7090319111649093;32.643795640933206
609;MZB10317SPJB14042019CRYO;1.5922602584665662;0.6098868480889849;0.37196196747191645;52.41867820514558
610;MFO43001THUB14042019CRYO;3.0701913326348373;0.8211500474774811;0.6742874004722694;34.79991583586989
611;MZB43001THUB14042019CRYO;1.5356137174806794;0.5905883204680203;0.3487945642732371;53.80123167243436
612;MFO10202REZB14042019CRYO;4.5831594106152;0.8842001482739431;0.781809902207663;27.846748570246273
613;MZB10202REZB14042019CRYO;2.067288105829685;0.7185224330273797;0.5162744867635853;44.06737586936713
614;MFO40101STKB14042019CRYO;6.435035384585172;0.9190215988239143;0.8446006991048638;23.216537091050633
615;MZB40101STKB14042019CRYO;3.6847423801183967;0.8535869061967537;0.7286106064305455;31.396028852173153
616;MFO31906PDMB14042019CRYO;12.753262356351746;0.9599941096891657;0.9215886906378938;16.261409986100485
617;MZB31906PDMB14042019CRYO;8.009924410126583;0.9354971281493321;0.8751548767756477;20.691391587513476
618;MFO39601SALB14042019CRYO;3.1335663760770505;0.8251513793700624;0.6808747988763167;34.39615812436986
619;MZB39601SALB14042019CRYO;3.838451393921112;0.8599292234781558;0.7394782693917441;30.69136296353627
620;MFO97301KRWB14042019CRYO;25.092829871169478;0.9798714090744408;0.9601479783215302;11.51530640538199
621;MZB97301KRWB14042019CRYO;42.41228712724148;0.9881406413293387;0.9764219270467567;8.832799513498887
622;MFO41609CADB14042019CRYO;6.864149629521847;0.924291907415229;0.8543155301132823;22.438178248744656
623;MZB41609CADB14042019CRYO;2.238113850321573;0.7437709358636984;0.5531952050355617;41.94636002754063
624;MFO41507RIRB14042019CRYO;5.204299325248975;0.8988054155692774;0.8078511750566615;25.998513979492753
625;MZB41507RIRB14042019CRYO;4.258668453755523;0.8747484323446281;0.7651848198893844;28.984783349931906
626;MFO66007ROVB14042020CRYO;4.650553434330669;0.8859863592692508;0.7849718288111821;27.626851538982184
627;MZB66007ROVB14042020CRYO;2.4528350574506685;0.7696158142601262;0.5923085015592771;39.68059816484232
628;MFO66018BEMB14042020CRYO;2.915099830587218;0.8105298112755304;0.6569585749663469;35.85227224857408
629;MZB66018BEMB14042020CRYO;1.7255233422678906;0.6484332487994352;0.42046567814859026;49.576420558531595
630;MFO50119MSPB14042020CRYO;8.248839984513896;0.9374277748203951;0.8787708330047174;20.376023360242318
631;MZB50119MSPB14042020CRYO;8.08469317943902;0.9361140251337686;0.8763094680521459;20.591124826149795
632;MFO50107YASB14042020CRYO;21.936979080432227;0.9769415908685464;0.9544148719687662;12.327935759990831
633;MZB50107YASB14042020CRYO;12.514128297037503;0.9592133855491844;0.9200903190167283;16.420400265747162
634;MFO22006MANB14042020CRYO;7.11592765920691;0.9270761482472293;0.8594701846489186;22.01646773843806
635;MZB22006MANB14042020CRYO;3.6194237091406567;0.8507131844384952;0.7237129221774852;31.7106758227249
636;MFO21602JIVB14042020CRYO;9.085542626547653;0.9433636771824517;0.889935027427197;19.375660356526613
637;MZB21602JIVB14042020CRYO;6.395617720302408;0.9185003742190285;0.8436429374404953;23.292177753709158
638;MFO12338BADB14042020CRYO;6.806484445924758;0.9236239913667322;0.8530812774282134;22.538229110677282
639;MZB12338BADB14042020CRYO;4.641353592368008;0.8857457939567367;0.7845456115120498;27.656560871799222
640;MFO12349KRBB14042020CRYO;8.320766740704789;0.9379865498873401;0.8798187677695556;20.283872882372506
641;MZB12349KRBB14042020CRYO;10.65226516181172;0.9519050651969468;0.9061232531476036;17.841997268270564
642;MFO10317SPJB14042020CRYO;4.065699440127957;0.8683546860925219;0.7540398608588421;29.731997292284113
643;MZB10317SPJB14042020CRYO;1.5282998829529648;0.5879440062019695;0.34567815442882155;53.988756011786826
644;MFO43001THUB14042021CRYO;2.8034647758629854;0.8020589332273304;0.6432985323697631;36.672831752018666
645;MZB43001THUB14042021CRYO;1.7565084855707271;0.6562688272790562;0.43068877365822766;48.98407068138249
646;MFO10202REZB14042021CRYO;3.05540243163859;0.8201895337023588;0.6727108711948928;34.89622869526814
647;MZB10202REZB14042021CRYO;1.6811021750782267;0.6365156389365335;0.40515215861078346;50.46751256577171
648;MFO40101STKB14042021CRYO;8.745038843761368;0.9410895016829534;0.8856494501778696;19.76466366227829
649;MZB40101STKB14042021CRYO;4.664734152466884;0.8863551833519485;0.7856255110548662;27.581245260082884
650;MFO40451GRFB14042021CRYO;11.824808793213132;0.9567821258605806;0.9154320363662919;16.9061991312366
651;MZB40451GRFB14042021CRYO;6.901349290628852;0.9247166045417015;0.8551007987151336;22.37433989173376
652;MFO49914MIAB14042021CRYO;6.531506692862795;0.9202695091585883;0.8468959694869891;23.034485817171493
653;MZB49914MIAB14042021CRYO;14.990522580672126;0.9660699689148073;0.9332911848390569;14.968057353698853
654;MFO97205LAOB14042021CRYO;7.573683843707273;0.9316457789306761;0.8679638573993463;21.307167486874068
655;MZB97205LAOB14042021CRYO;5.932152103610399;0.9118262521171425;0.8314271140499947;24.24104127571925
656;MFO97301KRWB14042021CRYO;11.609735374826199;0.9559630706639546;0.9138653924732569;17.066832237344165
657;MZB97301KRWB14042021CRYO;27.425034681621586;0.9815991875407977;0.9635369649807541;11.008403389906503
658;MFO42202ARFB14042021CRYO;6.81037784671919;0.9236694586660615;0.8531652688724551;22.53143167193926
659;MZB42202ARFB14042021CRYO;3.4165695993676897;0.8410165027095262;0.7073087578297624;32.75238403280311
660;MFO41507RIRB14042021CRYO;5.163007840137131;0.8979501392344037;0.806314452551085;26.110083188061672
661;MZB41507RIRB14042021CRYO;2.4142978492107785;0.7653763116644812;0.585800898457125;40.059518008612955
662;MFO66007ROVB14042021CRYO;4.031295645684727;0.8671451973347581;0.7519407932607366;29.871431153407787
663;MZB66007ROVB14042021CRYO;2.06741326437215;0.7185428107528352;0.5163037708845848;44.065697121726956
664;MFO66018BEMB14042021CRYO;3.2625016112041387;0.8327585132627744;0.6934867414116264;33.61684437311365
665;MZB66018BEMB14042021CRYO;1.4973802312226772;0.5763392703602571;0.3321669545593935;54.806523834533664
666;MFO50107YASB14042022CRYO;23.352113385638695;0.9783543955929304;0.957177323376008;11.942878023410831
667;MZB50107YASB14042022CRYO;11.658877993636057;0.9561529444363246;0.9142284531542533;17.029725128030478
668;MFO23101CIDB14042022CRYO;8.614271509155204;0.9401667793971052;0.8839135730819252;19.920416285169722
669;MZB23101CIDB14042022CRYO;10.864415573967792;0.9528674581275104;0.9079563927583828;17.661141859065374
670;MFO21602JIVB14042022CRYO;2.419269076442384;0.7659321211049631;0.586652014140348;40.01001093879539
671;MZB21602JIVB14042022CRYO;6.771943242694618;0.9232182292460648;0.8523318988122395;22.59880541635436
672;MFO21501EVEB14042022CRYO;14.993786532532797;0.9660774847176927;0.9333057064784638;14.966389991169722
673;MZB21501EVEB14042022CRYO;22.64172984413936;0.9776675116224615;0.9558337632820558;12.131590936101407
674;MFO12338BADB14042022CRYO;5.952622622164368;0.9121440788664074;0.8320068206110467;24.19665046745254
675;MZB12338BADB14042022CRYO;3.5434893138398875;0.8472262338463141;0.7177922913174093;32.088751194234206
676;MFO12349KRBB14042022CRYO;4.976960574304998;0.8939094790822197;0.7990741567930455;26.63130241662506
677;MZB12349KRBB14042022CRYO;3.934525942920712;0.8636201565073488;0.7458397747257777;30.27448330729455
678;MFO10317SPJB14042022CRYO;4.6106253760002325;0.8849348466769336;0.783109682863128;27.756495423315467
679;MZB10317SPJB14042022CRYO;1.7075808850020902;0.6437205946008767;0.4143762039133063;49.93018230909056
680;MFO43001THUB14042022CRYO;3.207369310151604;0.8295890583249144;0.6882180056924182;33.94345252619431
681;MZB43001THUB14042022CRYO;1.6617187150585508;0.6310415465833997;0.398213433514369;50.8729921755762
682;MFO40127YEMB14042022CRYO;4.4963491753359595;0.8818148012791237;0.7775973437549405;28.13793729034183
683;MZB40127YEMB14042022CRYO;2.228339981102008;0.7424523183367187;0.5512354450035681;42.05926341772491
684;MFO40451GRFB14042022CRYO;13.217145025484795;0.961426385901622;0.9243406955078546;15.9657307269569
685;MZB40451GRFB14042022CRYO;7.13706025998581;0.9273005385590264;0.8598862888118605;21.98214639144003
686;MFO49914MIAB14042022CRYO;14.697621696913798;0.9653816764669411;0.9319617812581216;15.119991733482514
687;MZB49914MIAB14042022CRYO;16.382664022488417;0.9689994150875837;0.9389598664400793;14.303784367867936
688;MFO41703EASB14042023CRYO;8.717263429599916;0.9408959030085544;0.885285100298283;19.797439993580394
689;MZB41703EASB14042023CRYO;10.982610169772034;0.953387100774768;0.9089469639237175;17.562739908396036
690;MFO66007ROVB14042023CRYO;4.272300153817521;0.8751765814049829;0.7659340486397126;28.934119130314333
691;MZB66007ROVB14042023CRYO;2.0155286287517957;0.70982550470533;0.5038522471301765;44.779280314137615
692;MFO66018BEMB14042023CRYO;3.446733979366574;0.8425379930046637;0.7098702696563268;32.590896130827666
693;MZB66018BEMB14042023CRYO;1.3470146960719722;0.5075604418754041;0.25761760215675544;59.498531806681925
694;MFO91201KETB14042023CRYO;4.997889195554694;0.8943799707971835;0.7999155321631707;26.571100261336017
695;MZB91201KETB14042023CRYO;5.841965391317471;0.9103981165105464;0.8288247305459504;24.43957362162661
696;MFO91401AMVB14042023CRYO;4.430361214831964;0.8799345260489091;0.7742847701329183;28.365533649973298
697;MZB91401AMVB14042023CRYO;1.9694238935753365;0.701596249116143;0.4922372967738411;45.44478800217857
698;MFO22901MALB14042023CRYO;6.492173312137615;0.9197653917048025;0.8459683757778889;23.108192129256548
699;MZB22901MALB14042023CRYO;18.171252359518913;0.9720946557836874;0.9449680198032056;13.567394624733645
700;T_1_23485____________DOR;43.243184251611446;0.9883698540795648;0.9768749684532602;8.746856900425971
701;T_2_23485____________DOR;70.23019378147774;0.9928550297279073;0.9857611100560036;6.853253046569068
702;T_3_23485____________DOR;13092.967100798118;0.9999618108299192;0.9999236231182511;0.500736353780753
703;D_0_23485____________DOR;1.1818736800892977;0.39228291758476086;0.15388588742881226;66.90337602025959
